timestamp,true_x,true_y,pred_x,pred_y,dist_error
1769464127.116912,1.0000015497207642,-6.502770900726318,-0.12242153286933899,-6.61395263671875,1.1279162168502808
1769464127.136728,1.0000033378601074,-6.502768039703369,0.567142903804779,-6.579650402069092,0.43963509798049927
1769464127.157331,1.0000224113464355,-6.502580165863037,0.5683445930480957,-6.57958984375,0.43849313259124756
1769464127.1772277,1.000057339668274,-6.5014729499816895,0.5961748957633972,-6.5742106437683105,0.410380095243454
1769464127.1969552,1.000057339668274,-6.5014729499816895,0.5973772406578064,-6.5741448402404785,0.40918514132499695
1769464127.21663,1.000093698501587,-6.498439788818359,0.5985838770866394,-6.574079513549805,0.40857258439064026
1769464127.2372406,1.000192642211914,-6.494235992431641,0.6467170715332031,-6.576709747314453,0.36296966671943665
1769464127.2567723,1.0004246234893799,-6.487825870513916,0.7372943162918091,-6.578211784362793,0.2782215178012848
1769464127.276708,1.0006203651428223,-6.483503818511963,0.7387292385101318,-6.578155040740967,0.2784704267978668
1769464127.296708,1.0011136531829834,-6.474372386932373,0.8120294809341431,-6.57558536529541,0.21446889638900757
1769464127.316858,1.001809000968933,-6.463520050048828,0.813639760017395,-6.575526237487793,0.2189818173646927
1769464127.3367064,1.0021882057189941,-6.458149433135986,0.8152222037315369,-6.575465202331543,0.22072458267211914
1769464127.3566074,1.0034691095352173,-6.441649913787842,1.151294231414795,-6.575631141662598,0.19950725138187408
1769464127.3767061,1.0044751167297363,-6.429832935333252,1.450029730796814,-6.564970016479492,0.4655974507331848
1769464127.3968694,1.0052884817123413,-6.420764923095703,1.4536149501800537,-6.564876079559326,0.4709189534187317
1769464127.4168897,1.0059977769851685,-6.41313362121582,1.4163460731506348,-6.5531415939331055,0.43357571959495544
1769464127.4366658,1.0086747407913208,-6.386013984680176,1.4198826551437378,-6.553011894226074,0.44382476806640625
1769464127.4574375,1.0091384649276733,-6.381525993347168,1.2942755222320557,-6.5416154861450195,0.32700416445732117
1769464127.476682,1.0125048160552979,-6.350295543670654,1.297266960144043,-6.541440010070801,0.3429659903049469
1769464127.4966133,1.0133707523345947,-6.3425798416137695,1.2787188291549683,-6.522862911224365,0.3207983672618866
1769464127.5169077,1.0171819925308228,-6.309797763824463,1.2818406820297241,-6.522581100463867,0.3395894765853882
1769464127.536961,1.0196706056594849,-6.289251327514648,1.269327998161316,-6.499795436859131,0.32658490538597107
1769464127.5568173,1.0239958763122559,-6.254830360412598,1.2724995613098145,-6.499382019042969,0.34865397214889526
1769464127.5769408,1.0274738073349,-6.228151321411133,1.2602508068084717,-6.477615833282471,0.34120047092437744
1769464127.59673,1.0307568311691284,-6.2036638259887695,1.2633421421051025,-6.477056980133057,0.35894253849983215
1769464127.6166563,1.0307568311691284,-6.2036638259887695,1.2529866695404053,-6.448692321777344,0.3307945430278778
1769464127.6366744,1.0312445163726807,-6.20007848739624,1.2554515600204468,-6.447915077209473,0.33420315384864807
1769464127.6570632,1.0312445163726807,-6.20007848739624,1.2578251361846924,-6.447132587432861,0.3352229595184326
1769464127.6766932,1.0312445163726807,-6.20007848739624,1.2775499820709229,-6.427224636077881,0.3350549340248108
1769464127.69688,1.0317370891571045,-6.196471214294434,1.2801622152328491,-6.426290035247803,0.33842554688453674
1769464127.716752,1.0317370891571045,-6.196471214294434,1.282659649848938,-6.425357818603516,0.33963391184806824
1769464127.7370243,1.0322343111038208,-6.19284200668335,1.2835981845855713,-6.413992404937744,0.3348003029823303
1769464127.7566955,1.0322343111038208,-6.19284200668335,1.28605055809021,-6.412979602813721,0.3359810411930084
1769464127.7767987,1.0322343111038208,-6.19284200668335,1.2885385751724243,-6.411952018737793,0.3371959924697876
1769464127.7967386,1.0327364206314087,-6.189190864562988,1.3306037187576294,-6.405499458312988,0.3681228756904602
1769464127.8167984,1.0327364206314087,-6.189190864562988,1.33346688747406,-6.404421806335449,0.3698151707649231
1769464127.8369036,1.0332434177398682,-6.18551778793335,1.315589189529419,-6.402263164520264,0.35594627261161804
1769464127.856892,1.0332434177398682,-6.18551778793335,1.3182399272918701,-6.401174545288086,0.3573946952819824
1769464127.877073,1.0397124290466309,-6.1397294998168945,1.2879730463027954,-6.388891220092773,0.3517315983772278
1769464127.8967397,1.0408616065979004,-6.131789684295654,1.2905361652374268,-6.387692928314209,0.3575246334075928
1769464127.9167938,1.0488486289978027,-6.078028678894043,1.2950307130813599,-6.386504650115967,0.3946684002876282
1769464127.9370077,1.052167296409607,-6.05635404586792,1.2037713527679443,-6.385474681854248,0.3623591661453247
1769464127.9567463,1.0607184171676636,-6.002065181732178,1.1062489748001099,-6.36860990524292,0.3693617284297943
1769464127.9766753,1.0637590885162354,-5.983254909515381,1.1073298454284668,-6.367226600646973,0.3864358067512512
1769464127.99675,1.0743296146392822,-5.91964864730835,1.1112908124923706,-6.365864276885986,0.447743684053421
1769464128.016771,1.0795766115188599,-5.889013767242432,1.0431610345840454,-6.341659069061279,0.45410776138305664
1769464128.0368085,1.0917807817459106,-5.819859027862549,1.047541856765747,-6.340007781982422,0.5220268964767456
1769464128.0567217,1.096789836883545,-5.792246341705322,0.9658430814743042,-6.296520233154297,0.5209980607032776
1769464128.0768368,1.1062647104263306,-5.741121292114258,1.0156409740447998,-6.227559566497803,0.4948081076145172
1769464128.096647,1.1084504127502441,-5.729511737823486,1.0154385566711426,-6.224520206451416,0.5036710500717163
1769464128.1167154,1.1163259744644165,-5.688166618347168,1.0181360244750977,-6.221474647521973,0.5422716736793518
1769464128.1368976,1.118640661239624,-5.676150798797607,0.8967463970184326,-6.184450149536133,0.5546219348907471
1769464128.156887,1.12819242477417,-5.627188682556152,0.8989406228065491,-6.180943489074707,0.5993337631225586
1769464128.1771722,1.1306549310684204,-5.6147236824035645,0.9605488777160645,-6.137140274047852,0.5494133830070496
1769464128.1968303,1.1460767984390259,-5.53805685043335,0.9673524498939514,-6.133128643035889,0.6213314533233643
1769464128.2168202,1.155600905418396,-5.491852760314941,0.9710519909858704,-6.12910795211792,0.6634402871131897
1769464128.2366493,1.1713546514511108,-5.417051315307617,0.9850050806999207,-6.103200435638428,0.7110044360160828
1769464128.256809,1.1788250207901,-5.382169723510742,0.8887680172920227,-6.0596489906311035,0.7369606494903564
1769464128.276786,1.1991740465164185,-5.288931369781494,0.8992932438850403,-6.054736614227295,0.8224270343780518
1769464128.2967746,1.2090321779251099,-5.2446699142456055,0.8722605109214783,-5.996984004974365,0.8242520689964294
1769464128.3166468,1.2314255237579346,-5.146145820617676,0.8850700259208679,-5.991361141204834,0.9134282469749451
1769464128.3367906,1.2386068105697632,-5.1151862144470215,0.9904832243919373,-5.92186975479126,0.8439808487892151
1769464128.3570347,1.2515100240707397,-5.060614109039307,1.089616298675537,-5.841099739074707,0.797099232673645
1769464128.3769054,1.2571614980697632,-5.037158012390137,1.093229055404663,-5.833417892456055,0.8129598498344421
1769464128.3966935,1.27253258228302,-4.974535942077637,1.2839622497558594,-5.74332332611084,0.7688724398612976
1769464128.41694,1.2764387130737305,-4.958876609802246,1.289089560508728,-5.734181880950928,0.7754083871841431
1769464128.4366891,1.2943185567855835,-4.888451099395752,1.3062735795974731,-5.7253289222717285,0.8369633555412292
1769464128.4568856,1.3003889322280884,-4.864997863769531,1.1917577981948853,-5.65626859664917,0.7986924052238464
1769464128.4772577,1.3189316987991333,-4.794716835021973,1.1509000062942505,-5.613240718841553,0.835593044757843
1769464128.497097,1.3189316987991333,-4.794716835021973,1.1499476432800293,-5.60282564163208,0.825587809085846
1769464128.5169413,1.3444007635116577,-4.7011847496032715,1.1827081441879272,-5.532574653625488,0.8469671010971069
1769464128.5368145,1.355256199836731,-4.662271022796631,1.1925790309906006,-5.521201133728027,0.8741992712020874
1769464128.556649,1.381885290145874,-4.569019317626953,1.2999796867370605,-5.430905342102051,0.8657687902450562
1769464128.576762,1.4023864269256592,-4.499216079711914,1.3221968412399292,-5.41829252243042,0.9225682020187378
1769464128.5969493,1.4209898710250854,-4.437270164489746,1.343030333518982,-5.40551233291626,0.9713755249977112
1769464128.6166995,1.435176134109497,-4.390875816345215,1.3594083786010742,-5.393025875091553,1.0050098896026611
1769464128.6368353,1.4665929079055786,-4.290549278259277,1.4537858963012695,-5.294219970703125,1.0037522315979004
1769464128.656853,1.4665929079055786,-4.290549278259277,1.4792777299880981,-5.333528995513916,1.0430567264556885
1769464128.6769052,1.5014551877975464,-4.1828107833862305,1.6189839839935303,-5.311488628387451,1.1347802877426147
1769464128.6969428,1.5090630054473877,-4.15976619720459,1.6317960023880005,-5.298075199127197,1.1449062824249268
1769464128.7168198,1.5425848960876465,-4.060083866119385,1.6776841878890991,-5.284785270690918,1.2321304082870483
1769464128.736743,1.55307936668396,-4.029471397399902,1.6836860179901123,-5.244299411773682,1.221828579902649
1769464128.756706,1.590470314025879,-3.922550678253174,1.7365994453430176,-5.230589389801025,1.3161756992340088
1769464128.7768273,1.6068068742752075,-3.876836061477661,1.846247673034668,-5.135320663452148,1.2810602188110352
1769464128.7966518,1.6344468593597412,-3.800793170928955,1.88927161693573,-5.120183944702148,1.3437734842300415
1769464128.816772,1.642838716506958,-3.7780168056488037,2.0262231826782227,-5.024534225463867,1.304142951965332
1769464128.8366518,1.6768639087677002,-3.6870834827423096,2.081662178039551,-5.008047580718994,1.3815960884094238
1769464128.856838,1.6854841709136963,-3.664393663406372,2.170287847518921,-4.917579174041748,1.3436923027038574
1769464128.8766751,1.7204174995422363,-3.5738112926483154,2.2298061847686768,-4.899784564971924,1.4204515218734741
1769464128.896696,1.732222080230713,-3.5436809062957764,2.2101962566375732,-4.832237720489502,1.3743497133255005
1769464128.9166453,1.7560702562332153,-3.4835174083709717,2.2535078525543213,-4.813547611236572,1.4200083017349243
1769464128.9371479,1.7590736150741577,-3.476006269454956,2.324655532836914,-4.735096454620361,1.3802865743637085
1769464128.956764,1.7893790006637573,-3.4010074138641357,2.37957763671875,-4.715500831604004,1.440912127494812
1769464128.9768715,1.801639199256897,-3.3710663318634033,2.472118854522705,-4.615519046783447,1.4135788679122925
1769464128.996768,1.842026948928833,-3.2739920616149902,2.5455241203308105,-4.594164848327637,1.4959157705307007
1769464129.0178056,1.842026948928833,-3.2739920616149902,2.535102367401123,-4.503315448760986,1.4112367630004883
1769464129.0368834,1.8896528482437134,-3.1624374389648438,2.6209585666656494,-4.481484889984131,1.5082087516784668
1769464129.0568879,1.8896528482437134,-3.1624374389648438,2.628249406814575,-4.389852046966553,1.432505488395691
1769464129.076729,1.928539514541626,-3.073552370071411,2.701406478881836,-4.365971565246582,1.5058785676956177
1769464129.0968819,1.9482438564300537,-3.0292317867279053,2.767594575881958,-4.280033588409424,1.4952727556228638
1769464129.1167378,1.9881725311279297,-2.94083833694458,2.844416856765747,-4.254852294921875,1.568371057510376
1769464129.1367908,2.001636028289795,-2.9114480018615723,2.8036887645721436,-4.168713092803955,1.4913095235824585
1769464129.157285,2.0493617057800293,-2.808880090713501,2.892307758331299,-4.073999881744385,1.5202256441116333
1769464129.177176,2.066634178161621,-2.772362232208252,2.930260181427002,-4.046985149383545,1.5396472215652466
1769464129.1969893,2.105053424835205,-2.6922364234924316,3.0112578868865967,-3.9430220127105713,1.544561743736267
1769464129.216742,2.1191673278808594,-2.6631734371185303,3.0440971851348877,-3.914888858795166,1.556369662284851
1769464129.2368503,2.1476237773895264,-2.6051666736602783,3.023146152496338,-3.7943968772888184,1.476755976676941
1769464129.2568026,2.151202440261841,-2.5979270935058594,3.0360922813415527,-3.7647576332092285,1.4644192457199097
1769464129.276968,2.1836230754852295,-2.532883882522583,3.100820302963257,-3.733478307723999,1.5108532905578613
1769464129.296787,2.1945154666900635,-2.5112483501434326,3.0537071228027344,-3.6887707710266113,1.4576587677001953
1769464129.3168588,2.238513231277466,-2.4249377250671387,3.138601779937744,-3.656691789627075,1.5255744457244873
1769464129.3370426,2.2607688903808594,-2.3819222450256348,3.160165786743164,-3.5782554149627686,1.4967056512832642
1769464129.3569589,2.3133623600006104,-2.281920909881592,3.2612524032592773,-3.544771909713745,1.5790146589279175
1769464129.3768508,2.3133623600006104,-2.281920909881592,3.2194058895111084,-3.4710679054260254,1.4949865341186523
1769464129.3994668,2.3514983654022217,-2.2108113765716553,3.293938398361206,-3.4353177547454834,1.5451891422271729
1769464129.416671,2.3746070861816406,-2.1682751178741455,3.3404757976531982,-3.404172420501709,1.5685484409332275
1769464129.43671,2.4135005474090576,-2.097599506378174,3.4166955947875977,-3.369847297668457,1.6201895475387573
1769464129.457394,2.4291903972625732,-2.069406509399414,3.3807921409606934,-3.26623797416687,1.529036045074463
1769464129.476648,2.4847002029418945,-1.971081256866455,3.4797449111938477,-3.2299561500549316,1.6046433448791504
1769464129.496684,2.504749298095703,-1.9360984563827515,3.4318130016326904,-3.049764633178711,1.4490338563919067
1769464129.5169244,2.545200824737549,-1.8663458824157715,3.434255599975586,-2.947333574295044,1.3996258974075317
1769464129.5366127,2.569697380065918,-1.824631929397583,3.4425132274627686,-2.8443851470947266,1.342275857925415
1769464129.556671,2.6109001636505127,-1.7553399801254272,3.5114810466766357,-2.8030142784118652,1.3815451860427856
1769464129.5767817,2.6316773891448975,-1.7208032608032227,3.5092039108276367,-2.6998066902160645,1.3147244453430176
1769464129.5968142,2.6651644706726074,-1.6656973361968994,3.5153450965881348,-2.603576898574829,1.265869379043579
1769464129.616632,2.6947109699249268,-1.617634892463684,3.5685853958129883,-2.5607404708862305,1.2857310771942139
1769464129.6367302,2.7202188968658447,-1.5765546560287476,3.6142091751098633,-2.517967700958252,1.2982592582702637
1769464129.6567245,2.745894432067871,-1.535582184791565,3.596679210662842,-2.423236846923828,1.2295386791229248
1769464129.676742,2.7803893089294434,-1.4811211824417114,3.657588243484497,-2.3331518173217773,1.222879409790039
1769464129.6969457,2.806455373764038,-1.440402865409851,3.7032053470611572,-2.288149118423462,1.2340315580368042
1769464129.7170634,2.832688808441162,-1.3997944593429565,3.74912428855896,-2.242680311203003,1.2451145648956299
1769464129.736647,2.8767809867858887,-1.3323595523834229,3.7515342235565186,-2.200200080871582,1.23220956325531
1769464129.7567477,2.9303009510040283,-1.2518466711044312,3.8082704544067383,-2.1016042232513428,1.2218505144119263
1769464129.776755,2.943784475326538,-1.2317886352539062,3.8279597759246826,-2.0572731494903564,1.2096242904663086
1769464129.7970388,2.989027738571167,-1.1651328802108765,3.9077565670013428,-2.0066535472869873,1.245881199836731
1769464129.81708,3.030137777328491,-1.1054129600524902,3.9797632694244385,-1.9570283889770508,1.2755537033081055
1769464129.8369935,3.0623676776885986,-1.0591423511505127,3.9938740730285645,-1.848210334777832,1.2207916975021362
1769464129.856707,3.0994746685028076,-1.0064538717269897,3.949098825454712,-1.782774567604065,1.1508845090866089
1769464129.8767617,3.11346435546875,-0.9867488741874695,3.9669909477233887,-1.7363897562026978,1.1359879970550537
1769464129.896787,3.1556782722473145,-0.927808403968811,3.9695353507995605,-1.6779675483703613,1.1068434715270996
1769464129.916723,3.179288148880005,-0.8951774835586548,3.9642422199249268,-1.600793480873108,1.0554841756820679
1769464129.9366508,3.222069025039673,-0.836647629737854,4.034420013427734,-1.5471066236495972,1.079196810722351
1769464129.9567294,3.24599289894104,-0.8042460083961487,4.068978786468506,-1.4974365234375,1.0760198831558228
1769464129.976807,3.2796738147735596,-0.7590223550796509,4.0385308265686035,-1.4326657056808472,1.014721155166626
1769464129.9967682,3.3330414295196533,-0.688285231590271,4.071867942810059,-1.3620235919952393,0.9998940229415894
1769464130.0174708,3.3379194736480713,-0.6818746328353882,4.068041801452637,-1.316210150718689,0.967191755771637
1769464130.0368564,3.3771040439605713,-0.6307101845741272,4.128448009490967,-1.2612812519073486,0.9808861017227173
1769464130.056718,3.421523332595825,-0.5734077095985413,4.155150413513184,-1.1914927959442139,0.9592903852462769
1769464130.0767336,3.45133376121521,-0.5353583693504333,4.165877819061279,-1.1165589094161987,0.9210686683654785
1769464130.096694,3.50136661529541,-0.4722151458263397,4.244786739349365,-1.0569621324539185,0.9458342790603638
1769464130.1166515,3.53159499168396,-0.4344935417175293,4.245849609375,-0.9639096856117249,0.8890674114227295
1769464130.1368096,3.5518341064453125,-0.4094145894050598,4.277704238891602,-0.9100729823112488,0.8817857503890991
1769464130.156787,3.623213291168213,-0.32207411527633667,4.342422008514404,-0.781697154045105,0.8535304665565491
1769464130.1769335,3.6283440589904785,-0.3158615827560425,4.345451831817627,-0.7310358881950378,0.8286211490631104
1769464130.1967177,3.70062255859375,-0.22925344109535217,4.453530788421631,-0.6620977520942688,0.8684611320495605
1769464130.2168581,3.7266385555267334,-0.1984889954328537,4.485372066497803,-0.6057022213935852,0.8611035943031311
1769464130.2367625,3.773733377456665,-0.14333601295948029,4.515414237976074,-0.47183266282081604,0.8111723065376282
1769464130.2568076,3.794774055480957,-0.11891603469848633,4.554320812225342,-0.37443217635154724,0.8013737201690674
1769464130.276753,3.8476693630218506,-0.0581163726747036,4.647396087646484,-0.2761914134025574,0.8289269804954529
1769464130.2967007,3.8902862071990967,-0.009735489264130592,4.708846092224121,-0.2102886289358139,0.8427703380584717
1769464130.317018,3.9063360691070557,0.008347718045115471,4.727511882781982,-0.12317831814289093,0.8316423296928406
1769464130.3366754,3.9385476112365723,0.0444161556661129,4.7602763175964355,-0.06319558620452881,0.8287451267242432
1769464130.3566732,3.9817276000976562,0.0923033356666565,4.825761318206787,0.04263489693403244,0.8454939126968384
1769464130.37685,4.008848667144775,0.12211382389068604,4.852202415466309,0.14110367000102997,0.843567430973053
1769464130.3966951,4.046989917755127,0.16369397938251495,4.90461540222168,0.2084629237651825,0.8587930202484131
1769464130.416803,4.107329845428467,0.22866782546043396,4.994839668273926,0.30483800172805786,0.8907724618911743
1769464130.4368093,4.140449047088623,0.2639182209968567,5.037668704986572,0.3714092969894409,0.9036356210708618
1769464130.4566913,4.19040060043335,0.3165409564971924,5.087939262390137,0.5072789192199707,0.9175819754600525
1769464130.4768407,4.2350754737854,0.3630606234073639,5.150216579437256,0.5814835429191589,0.9408464431762695
1769464130.496597,4.296921730041504,0.42662888765335083,5.216075420379639,0.7368971109390259,0.9701082110404968
1769464130.5166807,4.313872337341309,0.44388559460639954,5.228647708892822,0.7996893525123596,0.9815346598625183
1769464130.5367527,4.370632171630859,0.501158595085144,5.265909194946289,0.9303101897239685,0.9928200244903564
1769464130.5567503,4.422053337097168,0.5523744225502014,5.3372650146484375,1.0121688842773438,1.0242184400558472
1769464130.5768702,4.445008754730225,0.5750361084938049,5.359135150909424,1.0792417526245117,1.0439586639404297
1769464130.596811,4.4853315353393555,0.6145439147949219,5.347382068634033,1.2700142860412598,1.0829459428787231
1769464130.6168213,4.5142502784729,0.6426462531089783,5.334388256072998,1.3762634992599487,1.1003730297088623
1769464130.6368022,4.531647682189941,0.6594604849815369,5.34439754486084,1.4435776472091675,1.129336953163147
1769464130.6569066,4.578211307525635,0.7041248083114624,5.355195045471191,1.5293973684310913,1.1334805488586426
1769464130.6766233,4.625020980834961,0.7485353946685791,5.414040565490723,1.6138427257537842,1.1710290908813477
1769464130.6966908,4.677974224090576,0.7981919646263123,5.445196151733398,1.7069005966186523,1.1892775297164917
1769464130.7169802,4.725301742553711,0.8420580625534058,5.503096580505371,1.793559193611145,1.2289505004882812
1769464130.7368584,4.743112087249756,0.8584412932395935,5.4716973304748535,1.8643147945404053,1.2420217990875244
1769464130.7567558,4.82667350769043,0.9344130754470825,5.578207492828369,1.9707691669464111,1.2801709175109863
1769464130.7767043,4.85669469833374,0.9613519310951233,5.532768249511719,2.035985231399536,1.2696110010147095
1769464130.796777,4.9170145988464355,1.0149213075637817,5.608071327209473,2.132847547531128,1.3142749071121216
1769464130.8166864,4.965536117553711,1.0574790239334106,5.59963321685791,2.202763319015503,1.3091046810150146
1769464130.8369298,5.008185386657715,1.094498634338379,5.5658087730407715,2.272163152694702,1.3030108213424683
1769464130.8568227,5.026517868041992,1.1103014945983887,5.569674491882324,2.340643882751465,1.3449019193649292
1769464130.876738,5.087863445281982,1.1627050638198853,5.641940593719482,2.4400503635406494,1.3923406600952148
1769464130.8967829,5.137199401855469,1.2043240070343018,5.628824710845947,2.456559419631958,1.3452839851379395
1769464130.916662,5.205410480499268,1.2611063718795776,5.709344863891602,2.561107635498047,1.3942571878433228
1769464130.9370756,5.236557960510254,1.2867457866668701,5.650482177734375,2.583494186401367,1.3612091541290283
1769464130.9567404,5.286577224731445,1.327545404434204,5.699784278869629,2.675135612487793,1.4095174074172974
1769464130.9768279,5.336822032928467,1.3680689334869385,5.677164554595947,2.695688486099243,1.3705497980117798
1769464130.996943,5.380969047546387,1.403299331665039,5.715096473693848,2.782660722732544,1.4192529916763306
1769464131.0168753,5.431631088256836,1.4433012008666992,5.708205223083496,2.803208589553833,1.387747049331665
1769464131.0368333,5.45704460144043,1.4631969928741455,5.658939361572266,2.8072705268859863,1.3591524362564087
1769464131.0570402,5.482513427734375,1.483022689819336,5.665244102478027,2.8784706592559814,1.407361388206482
1769464131.0771987,5.540017604827881,1.5273723602294922,5.702431678771973,2.899707078933716,1.381912112236023
1769464131.0969636,5.604233264923096,1.576229214668274,5.7566304206848145,2.9952869415283203,1.4272174835205078
1769464131.1166615,5.668785095214844,1.6246404647827148,5.752875804901123,3.015477418899536,1.3933767080307007
1769464131.1367095,5.727166652679443,1.6678274869918823,5.804713726043701,3.1122326850891113,1.4464854001998901
1769464131.156657,5.785815715789795,1.7106493711471558,5.785555839538574,3.147198438644409,1.4365489482879639
1769464131.176686,5.8250627517700195,1.7389936447143555,5.807214260101318,3.227524995803833,1.4886385202407837
1769464131.1969624,5.870998859405518,1.7718549966812134,5.78639554977417,3.217660427093506,1.448278546333313
1769464131.2167115,5.917093276977539,1.8044928312301636,5.816324710845947,3.3026933670043945,1.5015854835510254
1769464131.2370694,5.9435038566589355,1.8230421543121338,5.752728462219238,3.277756690979004,1.4671705961227417
1769464131.2566438,5.976588726043701,1.846125841140747,5.762852191925049,3.3496878147125244,1.5186777114868164
1769464131.276971,6.009753227233887,1.8690944910049438,5.750345706939697,3.3289923667907715,1.4827656745910645
1769464131.296846,6.082992076873779,1.9192200899124146,5.805514335632324,3.430525779724121,1.536567211151123
1769464131.3171449,6.123100280761719,1.9463251829147339,5.7918701171875,3.382988214492798,1.4743518829345703
1769464131.3371265,6.149900913238525,1.96430242061615,5.789800643920898,3.447411298751831,1.5261993408203125
1769464131.3569438,6.223857402801514,2.013355016708374,5.852503299713135,3.5551352500915527,1.5858721733093262
1769464131.376724,6.277874946594238,2.0486738681793213,5.860182762145996,3.533029556274414,1.5420047044754028
1769464131.3967202,6.332084655761719,2.0836915969848633,5.833715438842773,3.5565783977508545,1.5549172163009644
1769464131.4169562,6.366062641143799,2.105424404144287,5.798898696899414,3.5713391304016113,1.5718083381652832
1769464131.4366949,6.427408695220947,2.14424467086792,5.839253902435303,3.665483236312866,1.630979061126709
1769464131.4569304,6.468437671661377,2.1699113845825195,5.827610015869141,3.620330333709717,1.5856783390045166
1769464131.4768364,6.537051677703857,2.212307929992676,5.8749518394470215,3.720963478088379,1.6475489139556885
1769464131.4966495,6.5990495681762695,2.250056505203247,5.913468837738037,3.8152263164520264,1.7087355852127075
1769464131.516708,6.647429466247559,2.2791478633880615,5.909986972808838,3.768185615539551,1.6616421937942505
1769464131.5366387,6.695947647094727,2.3080034255981445,5.888199329376221,3.7712624073028564,1.671402096748352
1769464131.5570123,6.744603157043457,2.336622476577759,5.905916213989258,3.850355386734009,1.7305439710617065
1769464131.577341,6.793394565582275,2.365004301071167,5.890543460845947,3.8033254146575928,1.698207139968872
1769464131.59689,6.856325149536133,2.4011459350585938,5.92475700378418,3.895111560821533,1.7606112957000732
1769464131.616839,6.912448406219482,2.4329404830932617,5.920669078826904,3.868839979171753,1.7451170682907104
1769464131.6373038,6.94761323928833,2.452653169631958,5.918411731719971,3.931093692779541,1.8013999462127686
1769464131.6567957,6.996957302093506,2.4800455570220947,5.933243274688721,3.8867874145507812,1.7636353969573975
1769464131.6765869,7.05350923538208,2.511056661605835,5.956681251525879,3.9693117141723633,1.8247027397155762
1769464131.6969678,7.13154411315918,2.553182601928711,5.993723392486572,3.9332380294799805,1.7886277437210083
1769464131.7166924,7.167118549346924,2.5721330642700195,5.991112232208252,3.9915812015533447,1.8433189392089844
1769464131.7367814,7.202757358551025,2.5909597873687744,5.9619975090026855,3.91939115524292,1.8177502155303955
1769464131.7568178,7.25275993347168,2.6171083450317383,5.9742608070373535,3.9915823936462402,1.8771624565124512
1769464131.7767398,7.331585884094238,2.657705068588257,6.007361888885498,3.9285645484924316,1.8353891372680664
1769464131.7966375,7.396305561065674,2.6904702186584473,6.034606456756592,4.014638900756836,1.8993805646896362
1769464131.8167238,7.446781635284424,2.7156734466552734,6.064370155334473,3.9918925762176514,1.8814347982406616
1769464131.8366895,7.482909679412842,2.733524799346924,6.0596442222595215,4.045098304748535,1.9354355335235596
1769464131.8566866,7.548093795776367,2.7653398513793945,6.104580879211426,4.019434928894043,1.9121932983398438
1769464131.876792,7.620749473571777,2.8002102375030518,6.137815952301025,4.112346172332764,1.9800993204116821
1769464131.896888,7.6790452003479,2.8277416229248047,6.142852783203125,4.086594104766846,1.9861010313034058
1769464131.916775,7.744807720184326,2.8583264350891113,6.167052745819092,4.1706719398498535,2.0522091388702393
1769464131.9366863,7.796086311340332,2.881829261779785,6.173865795135498,4.099571704864502,2.0284218788146973
1769464131.9566946,7.832782745361328,2.8984642028808594,6.18938684463501,4.056815147399902,2.010603427886963
1769464131.9769356,7.862180709838867,2.911680221557617,6.17536735534668,4.0956339836120605,2.0608458518981934
1769464131.9967353,7.913714408874512,2.9346113204956055,6.207958698272705,4.030005931854248,2.0271880626678467
1769464132.0168757,7.965357780456543,2.9572911262512207,6.215634822845459,4.092587947845459,2.085768461227417
1769464132.0367095,8.039322853088379,2.9892547130584717,6.265930652618408,4.0281901359558105,2.055311679840088
1769464132.0567713,8.076387405395508,3.0050435066223145,6.2590460777282715,4.0713982582092285,2.10709285736084
1769464132.076696,8.173007011413574,3.0454907417297363,6.308206081390381,4.185064792633057,2.185431480407715
1769464132.0973108,8.202808380126953,3.05776047706604,6.324449062347412,4.10867977142334,2.152362823486328
1769464132.1167524,8.28493595123291,3.0910744667053223,6.352444171905518,4.195101261138916,2.225623846054077
1769464132.1366816,8.299895286560059,3.097064256668091,6.351222038269043,4.058629512786865,2.173001766204834
1769464132.1579914,8.35981559753418,3.120814800262451,6.3779706954956055,4.039551734924316,2.184441566467285
1769464132.1770575,8.412351608276367,3.1413233280181885,6.385671138763428,4.096166610717773,2.2403481006622314
1769464132.1966813,8.4574613571167,3.158698797225952,6.426570892333984,4.070322036743164,2.226111888885498
1769464132.2172263,8.502642631530762,3.1758861541748047,6.424931049346924,4.116612434387207,2.280757427215576
1769464132.2366416,8.578103065490723,3.204113006591797,6.491024494171143,4.089170455932617,2.2669854164123535
1769464132.257373,8.608341217041016,3.215257167816162,6.476043224334717,4.115525722503662,2.3145575523376465
1769464132.2767043,8.684069633483887,3.2427496910095215,6.553685188293457,4.132460594177246,2.308706283569336
1769464132.2967567,8.729598045349121,3.2589926719665527,6.553019046783447,4.176828861236572,2.362185478210449
1769464132.3167446,8.813240051269531,3.288278579711914,6.632710933685303,4.145955562591553,2.3431427478790283
1769464132.3369238,8.897103309631348,3.316925287246704,6.662417888641357,4.235538959503174,2.4161269664764404
1769464132.3568432,8.958230018615723,3.3373568058013916,6.714691638946533,4.240882873535156,2.4186413288116455
1769464132.3767912,8.988836288452148,3.347445249557495,6.701562404632568,4.264195442199707,2.464153289794922
1769464132.3968356,9.034796714782715,3.3624186515808105,6.742383003234863,4.189836025238037,2.437166929244995
1769464132.4166644,9.065472602844238,3.3722944259643555,6.729787349700928,4.211294651031494,2.4818029403686523
1769464132.4368188,9.111536026000977,3.386948585510254,6.759095191955566,4.181675434112549,2.48305606842041
1769464132.4568267,9.17304801940918,3.406189441680908,6.769588947296143,4.2401509284973145,2.544034242630005
1769464132.4769886,9.242376327514648,3.4274280071258545,6.816421985626221,4.2000250816345215,2.5460093021392822
1769464132.497112,9.280949592590332,3.439040422439575,6.808977127075195,4.228009223937988,2.594825506210327
1769464132.5170872,9.327289581298828,3.452799081802368,6.807546615600586,4.2660956382751465,2.6477458477020264
1769464132.5366535,9.412394523620605,3.477522611618042,6.908380031585693,4.3656415939331055,2.6568491458892822
1769464132.5567684,9.466650009155273,3.492918014526367,6.950264930725098,4.427735805511475,2.6844139099121094
1769464132.5766459,9.536516189575195,3.5123250484466553,6.965373992919922,4.4958319664001465,2.7528269290924072
1769464132.5967247,9.598719596862793,3.529210090637207,6.998368263244629,4.48267936706543,2.7696447372436523
1769464132.6167123,9.661017417907715,3.545750141143799,7.006972312927246,4.39388370513916,2.786267042160034
1769464132.636699,9.723405838012695,3.5619444847106934,7.014981746673584,4.448591709136963,2.8498599529266357
1769464132.6567526,9.746824264526367,3.5679283142089844,7.022620677947998,4.363967418670654,2.8381264209747314
1769464132.6767085,9.809334754943848,3.583646774291992,7.0301313400268555,4.417078018188477,2.9014790058135986
1769464132.6966493,9.887594223022461,3.60280704498291,7.110480308532715,4.469583511352539,2.90923810005188
1769464132.7166538,9.958141326904297,3.6195871829986572,7.122421741485596,4.532131671905518,2.9789328575134277
1769464132.7366395,10.013082504272461,3.632333993911743,7.177363395690918,4.508627891540527,2.9680285453796387
1769464132.7566886,10.08381175994873,3.6483304500579834,7.188717842102051,4.569838047027588,3.0382137298583984
1769464132.7771785,10.146764755249023,3.6621787548065186,7.194391250610352,4.620917320251465,3.1041407585144043
1769464132.796729,10.201911926269531,3.674009323120117,7.243938446044922,4.554756164550781,3.0863118171691895
1769464132.8167365,10.27289867401123,3.688826560974121,7.286263465881348,4.514053821563721,3.0985467433929443
1769464132.8367562,10.320274353027344,3.698458194732666,7.283203125,4.541914463043213,3.1520183086395264
1769464132.8569257,10.367690086364746,3.707892656326294,7.3280816078186035,4.473166465759277,3.134463310241699
1769464132.8767452,10.407232284545898,3.715604066848755,7.321214199066162,4.489666938781738,3.1816160678863525
1769464132.896755,10.486396789550781,3.73061466217041,7.3323750495910645,4.408535957336426,3.226055145263672
1769464132.916753,10.533945083618164,3.7393569946289062,7.328583717346191,4.431578636169434,3.279254913330078
1769464132.9366236,10.629149436950684,3.7562477588653564,7.420920372009277,4.5130696296691895,3.2962872982025146
1769464132.9573572,10.684748649597168,3.7657341957092285,7.501875400543213,4.5613789558410645,3.280813217163086
1769464132.9772637,10.772211074829102,3.780095338821411,7.517879962921143,4.6311163902282715,3.3637640476226807
1769464132.996643,10.851816177368164,3.7925708293914795,7.616554260253906,4.685637950897217,3.3562610149383545
1769464133.0166802,10.923532485961914,3.803325891494751,7.624803066253662,4.735102653503418,3.4278016090393066
1769464133.0367715,10.947452545166016,3.8068113327026367,7.6884989738464355,4.677362442016602,3.3732237815856934
1769464133.0566843,11.011275291442871,3.8158621788024902,7.693686485290527,4.715878009796143,3.4375030994415283
1769464133.0767796,11.051189422607422,3.821338653564453,7.753870010375977,4.645472526550293,3.398752212524414
1769464133.0967739,11.083134651184082,3.82561993598938,7.746047019958496,4.645148754119873,3.4362454414367676
1769464133.1168811,11.123082160949707,3.8308470249176025,7.776668548583984,4.589466094970703,3.4313247203826904
1769464133.1369917,11.163047790527344,3.835935115814209,7.772281646728516,4.596553802490234,3.4750306606292725
1769464133.1568458,11.203031539916992,3.8408844470977783,7.824062347412109,4.5578837394714355,3.4542033672332764
1769464133.1769354,11.24303150177002,3.8456947803497314,7.823299407958984,4.572514057159424,3.496116876602173
1769464133.1967697,11.323080062866211,3.854898452758789,7.848586559295654,4.553537845611572,3.5440375804901123
1769464133.2167342,11.395177841186523,3.8627073764801025,7.856468677520752,4.593048095703125,3.6132893562316895
1769464133.236802,11.459305763244629,3.8692731857299805,7.873699188232422,4.526435375213623,3.6453304290771484
1769464133.2567673,11.523468971252441,3.8754849433898926,7.877635955810547,4.553921222686768,3.7084193229675293
1769464133.2768047,11.595693588256836,3.882047653198242,8.004575729370117,4.6455607414245605,3.67138671875
1769464133.2966838,11.643866539001465,3.886172294616699,8.115565299987793,4.69828462600708,3.6205577850341797
1769464133.3167367,11.708123207092285,3.8913605213165283,8.122218132019043,4.725565433502197,3.68165922164917
1769464133.336665,11.740262985229492,3.8938212394714355,8.23060417175293,4.741236209869385,3.6105144023895264
1769464133.356684,11.804561614990234,3.8984763622283936,8.238550186157227,4.7677764892578125,3.670438766479492
1769464133.3766723,11.87692928314209,3.9032909870147705,8.322195053100586,4.808682441711426,3.668224334716797
1769464133.396855,11.941280364990234,3.9071943759918213,8.330362319946289,4.8333001136779785,3.727787733078003
1769464133.416727,12.021748542785645,3.9115729331970215,8.43324089050293,4.887423038482666,3.7188267707824707
1769464133.4366658,12.10224723815918,3.915395736694336,8.446734428405762,4.926326274871826,3.7927236557006836
1769464133.4567184,12.166664123535156,3.9180543422698975,8.613395690917969,4.944937705993652,3.6986756324768066
1769464133.4766128,12.214985847473145,3.9198148250579834,8.619904518127441,4.951513290405273,3.7401885986328125
1769464133.4968605,12.255260467529297,3.921128988265991,8.763583183288574,4.941140651702881,3.637613296508789
1769464133.5166593,12.303594589233398,3.922523021697998,8.770020484924316,4.939249038696289,3.676939010620117
1769464133.5371318,12.351935386657715,3.9237167835235596,8.851706504821777,4.92971658706665,3.641928195953369
1769464133.5567153,12.400280952453613,3.924710750579834,8.859100341796875,4.926994800567627,3.6802897453308105
1769464133.576683,12.472805976867676,3.9258267879486084,8.965449333190918,4.944726943969727,3.6523566246032715
1769464133.596762,12.553397178649902,3.9265389442443848,9.042513847351074,4.968476295471191,3.662230968475342
1769464133.6167328,12.617873191833496,3.9267091751098633,9.057693481445312,4.983665943145752,3.713763475418091
1769464133.6370785,12.698469161987305,3.926421880722046,9.076311111450195,5.010636329650879,3.7809460163116455
1769464133.6567612,12.722647666931152,3.926227569580078,9.245960235595703,4.982079029083252,3.6334798336029053
1769464133.6769688,12.819355964660645,3.924950361251831,9.440614700317383,5.028677463531494,3.5544486045837402
1769464133.6970532,12.883822441101074,3.9236550331115723,9.460673332214355,5.039886474609375,3.6005446910858154
1769464133.7165859,12.948280334472656,3.9220046997070312,9.651836395263672,5.0477399826049805,3.4833641052246094
1769464133.7367237,12.996618270874023,3.920534133911133,9.671126365661621,5.044615268707275,3.510335922241211
1769464133.7567372,13.05300521850586,3.9185659885406494,9.782699584960938,5.0206499099731445,3.451012372970581
1769464133.776734,13.10132884979248,3.9166629314422607,9.803352355957031,5.016014575958252,3.4763808250427246
1769464133.796896,13.117435455322266,3.9159841537475586,9.960589408874512,4.987717628479004,3.3338100910186768
1769464133.8166087,13.165748596191406,3.9138152599334717,9.98524284362793,4.988562107086182,3.3571856021881104
1769464133.8369913,13.189901351928711,3.912655830383301,10.074556350708008,4.9727911949157715,3.2907845973968506
1769464133.857055,13.270394325256348,3.9084315299987793,10.105369567871094,4.989610195159912,3.3445968627929688
1769464133.8773088,13.286489486694336,3.907520294189453,10.25593090057373,4.971001148223877,3.211740732192993
1769464133.8966777,13.399120330810547,3.9005212783813477,10.29316520690918,5.003508567810059,3.2959883213043213
1769464133.91699,13.45541000366211,3.8966152667999268,10.485016822814941,4.989315032958984,3.1650006771087646
1769464133.9367316,13.543827056884766,3.88992977142334,10.521821975708008,5.007212162017822,3.2219297885894775
1769464133.9570398,13.616129875183105,3.883962869644165,10.742463111877441,4.973736763000488,3.0733642578125
1769464133.9773006,13.680367469787598,3.8782832622528076,10.976804733276367,4.921612739562988,2.8978939056396484
1769464133.9971068,13.75259780883789,3.871471643447876,11.016885757446289,4.9246368408203125,2.931428909301758
1769464134.0167024,13.808747291564941,3.8658647537231445,11.054368019104004,4.916352272033691,2.947902202606201
1769464134.0367558,13.856854438781738,3.860844135284424,11.090351104736328,4.902719020843506,2.9561872482299805
1769464134.0567327,13.91295337677002,3.854735851287842,11.325444221496582,4.820192813873291,2.761758804321289
1769464134.0768394,13.94499683380127,3.8511242866516113,11.610555648803711,4.765866279602051,2.507262706756592
1769464134.096755,13.985036849975586,3.8464860916137695,11.652981758117676,4.744787216186523,2.499084711074829
1769464134.1167033,14.02506160736084,3.841710329055786,11.81589126586914,4.699998378753662,2.3700408935546875
1769464134.136804,14.07306957244873,3.8357977867126465,12.075210571289062,4.689633846282959,2.1726653575897217
1769464134.1567414,14.129048347473145,3.8286499977111816,12.127202033996582,4.6757402420043945,2.173694610595703
1769464134.1766183,14.192981719970703,3.8201513290405273,12.443540573120117,4.65778112411499,1.939630389213562
1769464134.1967168,14.224930763244629,3.815770387649536,12.4955472946167,4.630280494689941,1.9115947484970093
1769464134.2167099,14.320706367492676,3.802100896835327,12.560440063476562,4.635799407958984,1.9477146863937378
1769464134.236664,14.344633102416992,3.79856014251709,12.784538269042969,4.560253143310547,1.7361081838607788
1769464134.2568858,14.440265655517578,3.783904552459717,13.084600448608398,4.5683674812316895,1.5662728548049927
1769464134.2767558,14.480076789855957,3.7775654792785645,13.145246505737305,4.543641090393066,1.5390400886535645
1769464134.2966363,14.567584991455078,3.763138771057129,13.508444786071777,4.531588077545166,1.3085459470748901
1769464134.3168755,14.615270614624023,3.754991054534912,13.577557563781738,4.508984565734863,1.2827142477035522
1769464134.337027,14.694672584533691,3.7409751415252686,13.65357494354248,4.50150728225708,1.2892998456954956
1769464134.3566325,14.750197410583496,3.730839729309082,13.654464721679688,4.459524154663086,1.3159071207046509
1769464134.3768272,14.805672645568848,3.720437526702881,13.699553489685059,4.437938690185547,1.3184491395950317
1769464134.396686,14.869012832641602,3.7082231044769287,13.770759582519531,4.42179012298584,1.309709072113037
1769464134.4171236,14.9243803024292,3.6972501277923584,13.841400146484375,4.400908470153809,1.2915034294128418
1769464134.4366817,14.987592697143555,3.6843838691711426,13.940692901611328,4.378870964050293,1.2563087940216064
1769464134.4566495,15.050735473632812,3.671170711517334,14.083366394042969,4.354764938354492,1.1845262050628662
1769464134.476753,15.129560470581055,3.6541669368743896,14.16260051727295,4.343993663787842,1.1878019571304321
1769464134.4966235,15.168930053710938,3.6454620361328125,14.339227676391602,4.339911460876465,1.0819731950759888
1769464134.5168169,15.208269119262695,3.636622190475464,14.410319328308105,4.311869144439697,1.0453146696090698
1769464134.536691,15.286857604980469,3.6185379028320312,14.532990455627441,4.389021873474121,1.077942967414856
1769464134.5566714,15.326104164123535,3.6092936992645264,14.703933715820312,4.377721786499023,0.9887255430221558
1769464134.57698,15.404502868652344,3.590402126312256,14.791239738464355,4.367862701416016,0.9902202486991882
1769464134.5967414,15.43582534790039,3.5826950073242188,14.89921760559082,4.38368558883667,0.964123547077179
1769464134.6168664,15.521854400634766,3.561058521270752,14.990428924560547,4.378324508666992,0.9748518466949463
1769464134.6366909,15.568709373474121,3.548983573913574,15.128053665161133,4.390111923217773,0.9495652914047241
1769464134.6566992,15.638898849487305,3.530510425567627,15.216398239135742,4.378705024719238,0.9475973844528198
1769464134.6769023,15.701192855834961,3.5137267112731934,15.372808456420898,4.430083751678467,0.9734200835227966
1769464134.6967838,15.7789306640625,3.492267608642578,15.467047691345215,4.423277854919434,0.9818611741065979
1769464134.7168934,15.84101390838623,3.474717378616333,15.686025619506836,4.5558552742004395,1.0921905040740967
1769464134.7366593,15.887513160705566,3.461331605911255,15.774800300598145,4.541872024536133,1.0864031314849854
1769464134.7569792,15.93395709991455,3.4477548599243164,15.759739875793457,4.638748645782471,1.2036683559417725
1769464134.7768216,15.980344772338867,3.4339873790740967,15.841353416442871,4.620028972625732,1.1941579580307007
1769464134.796683,16.026676177978516,3.420029640197754,15.926706314086914,4.604726791381836,1.188907504081726
1769464134.8168132,16.072948455810547,3.405881404876709,16.541391372680664,4.510764122009277,1.200084924697876
1769464134.8377662,16.111465454101562,3.393946409225464,16.636791229248047,4.489148139953613,1.214674472808838
1769464134.8568354,16.13455581665039,3.3867218494415283,16.358829498291016,4.352260589599609,0.9912432432174683
1769464134.877531,16.203739166259766,3.364764451980591,16.151020050048828,4.379266262054443,1.0158703327178955
1769464134.896921,16.226768493652344,3.3573508262634277,16.223356246948242,4.352076530456543,0.9947318434715271
1769464134.9170024,16.288108825683594,3.3373496532440186,15.980679512023926,4.307319164276123,1.0175234079360962
1769464134.9368734,16.341691970825195,3.319573402404785,16.065147399902344,4.292233943939209,1.011209487915039
1769464134.9568336,16.402822494506836,3.298943519592285,16.010791778564453,4.28884220123291,1.064700961112976
1769464134.9767997,16.494308471679688,3.2673721313476562,16.115345001220703,4.291606426239014,1.0920939445495605
1769464134.9968503,16.54755401611328,3.2486090660095215,16.15822982788086,4.184779644012451,1.0138977766036987
1769464135.0175147,16.58553123474121,3.235050678253174,16.062271118164062,4.142824649810791,1.0477852821350098
1769464135.036728,16.608295440673828,3.226853370666504,16.124940872192383,4.113376617431641,1.0097301006317139
1769464135.0570247,16.684053421020508,3.1991922855377197,16.08384895324707,4.019195556640625,1.0161950588226318
1769464135.0768507,16.744524002075195,3.1766912937164307,16.169649124145508,4.004952430725098,1.0082149505615234
1769464135.0969467,16.81993865966797,3.1481008529663086,16.279150009155273,3.9168002605438232,0.9398680925369263
1769464135.1168172,16.865093231201172,3.130699634552002,16.357479095458984,3.8940324783325195,0.9167055487632751
1769464135.13673,16.932689666748047,3.1042511463165283,16.652435302734375,3.8450522422790527,0.792041003704071
1769464135.1566646,17.007606506347656,3.0743775367736816,16.757701873779297,3.8355066776275635,0.801105797290802
1769464135.176796,17.059926986694336,3.053162097930908,16.854001998901367,3.8184680938720703,0.7925264835357666
1769464135.1968496,17.119596481323242,3.0286097526550293,17.264179229736328,3.677410364151001,0.6647151708602905
1769464135.216612,17.16425895690918,3.009982109069824,17.639341354370117,3.5772054195404053,0.739895761013031
1769464135.2366545,17.223691940307617,2.98486065864563,17.74905776977539,3.5567548274993896,0.7765771746635437
1769464135.2568657,17.25335693359375,2.9721784591674805,17.872230529785156,3.516486406326294,0.8241828680038452
1769464135.276726,17.31258201599121,2.9465713500976562,17.983522415161133,3.496324062347412,0.8674039840698242
1769464135.2966497,17.37904167175293,2.91737699508667,17.931201934814453,3.469575881958008,0.7809002995491028
1769464135.3169377,17.43060874938965,2.8943886756896973,18.03645133972168,3.444593906402588,0.8183961510658264
1769464135.3368855,17.48940658569336,2.867814779281616,18.06407928466797,3.448024034500122,0.8166341781616211
1769464135.35672,17.562700271606445,2.834146738052368,18.188732147216797,3.4339940547943115,0.867024838924408
1769464135.3768108,17.613868713378906,2.810281753540039,18.34235382080078,3.3064985275268555,0.8814319968223572
1769464135.396786,17.686767578125,2.7757656574249268,18.451087951660156,3.2570958137512207,0.9032520651817322
1769464135.4166758,17.737655639648438,2.7513086795806885,18.558679580688477,3.230280876159668,0.9505233764648438
1769464135.436676,17.817384719848633,2.712386131286621,18.706422805786133,3.1356165409088135,0.9846371412277222
1769464135.4566503,17.860750198364258,2.690903663635254,18.80925178527832,3.1031830310821533,1.0342276096343994
1769464135.4766111,17.889612197875977,2.676483631134033,18.861526489257812,3.0103988647460938,1.0276753902435303
1769464135.4967184,17.932830810546875,2.654705762863159,18.964580535888672,2.9766952991485596,1.0808264017105103
1769464135.516866,17.99031639099121,2.6253936290740967,18.952199935913086,2.9418630599975586,1.012607216835022
1769464135.5367022,18.054794311523438,2.592042922973633,19.076616287231445,2.9172704219818115,1.072330355644226
1769464135.5567691,18.111936569213867,2.562065839767456,19.194385528564453,2.8891398906707764,1.1307841539382935
1769464135.5767,18.18313217163086,2.5241568088531494,19.214616775512695,2.820878028869629,1.0733143091201782
1769464135.596885,18.23990249633789,2.4934799671173096,19.254362106323242,2.756309986114502,1.0479540824890137
1769464135.6168118,18.30356788635254,2.4585988521575928,19.378864288330078,2.728907585144043,1.1087499856948853
1769464135.6367135,18.3599796295166,2.4272654056549072,19.454843521118164,2.6368629932403564,1.1147459745407104
1769464135.6567483,18.41621971130371,2.3956243991851807,19.572172164916992,2.6044862270355225,1.174669861793518
1769464135.676619,18.465286254882812,2.367687225341797,19.533687591552734,2.553642988204956,1.0844632387161255
1769464135.6966271,18.49326515197754,2.3516178131103516,19.61630630493164,2.5090489387512207,1.1340231895446777
1769464135.71663,18.528175354003906,2.33142352104187,19.606679916381836,2.479003429412842,1.088553547859192
1769464135.7370725,18.563018798828125,2.311110496520996,19.70508575439453,2.4393255710601807,1.1492427587509155
1769464135.7572744,18.604738235473633,2.2865777015686035,19.810012817382812,2.385679244995117,1.209343671798706
1769464135.7767906,18.660205841064453,2.2536022663116455,19.91595458984375,2.3499789237976074,1.2594408988952637
1769464135.7968473,18.708593368530273,2.2245001792907715,19.892284393310547,2.3318560123443604,1.1885489225387573
1769464135.8169196,18.784347534179688,2.17830228805542,20.03226661682129,2.3048486709594727,1.2543188333511353
1769464135.8368356,18.82552146911621,2.1528639793395996,19.92118263244629,2.2889153957366943,1.1040760278701782
1769464135.8566415,18.880258560180664,2.1186840534210205,20.03217124938965,2.2542154788970947,1.1598581075668335
1769464135.8768318,18.941612243652344,2.079875946044922,20.137664794921875,2.1919126510620117,1.201289176940918
1769464135.8966742,18.989166259765625,2.0494325160980225,20.240264892578125,2.1536738872528076,1.2554333209991455
1769464135.916822,19.050092697143555,2.009958505630493,20.3776912689209,2.0876080989837646,1.3298671245574951
1769464135.9367862,19.090574264526367,1.9834356307983398,20.472614288330078,2.0454068183898926,1.3834275007247925
1769464135.9567566,19.164508819580078,1.9343814849853516,20.612417221069336,2.0141818523406982,1.4501069784164429
1769464135.9769082,19.204679489135742,1.9073915481567383,20.56467628479004,2.0040926933288574,1.363431453704834
1769464135.9967391,19.23139762878418,1.8893071413040161,20.613384246826172,1.9332275390625,1.3826830387115479
1769464136.0167332,19.284687042236328,1.8529202938079834,20.697023391723633,1.8544358015060425,1.412335991859436
1769464136.036912,19.331151962280273,1.8208439350128174,20.798460006713867,1.8123866319656372,1.4673326015472412
1769464136.056821,19.384065628051758,1.7839142084121704,20.789688110351562,1.7557393312454224,1.4059059619903564
1769464136.0767224,19.443349838256836,1.7420241832733154,20.907411575317383,1.7169212102890015,1.4642767906188965
1769464136.0966895,19.469615936279297,1.7232898473739624,20.806447982788086,1.7283884286880493,1.3368421792984009
1769464136.116675,19.495830535888672,1.7044838666915894,20.87601661682129,1.679925799369812,1.380405068397522
1769464136.1370075,19.554624557495117,1.661909580230713,20.72162437438965,1.716112494468689,1.1682592630386353
1769464136.1567054,19.6131534576416,1.6189754009246826,20.8321590423584,1.6781439781188965,1.22044038772583
1769464136.1768236,19.677875518798828,1.5708502531051636,20.950502395629883,1.6085259914398193,1.2731845378875732
1769464136.1968133,19.735841751098633,1.5271611213684082,21.061750411987305,1.5682874917984009,1.3265455961227417
1769464136.2167218,19.79353904724121,1.483116865158081,21.022441864013672,1.5596098899841309,1.2312811613082886
1769464136.236746,19.844594955444336,1.4436695575714111,21.11258316040039,1.515797734260559,1.2700374126434326
1769464136.2570217,19.87639617919922,1.4188737869262695,21.13783836364746,1.446653962135315,1.2617485523223877
1769464136.2767003,19.920772552490234,1.3839775323867798,21.22695541381836,1.4027045965194702,1.3063160181045532
1769464136.2967265,19.946056365966797,1.3639416694641113,21.26443862915039,1.3044012784957886,1.3197267055511475
1769464136.3167284,19.983877182006836,1.3337587118148804,21.344301223754883,1.2568519115447998,1.362596035003662
1769464136.3367512,20.009023666381836,1.3135508298873901,21.405685424804688,1.2060552835464478,1.400793433189392
1769464136.356798,20.052892684936523,1.2780218124389648,21.414831161499023,1.2140907049179077,1.3634377717971802
1769464136.3767161,20.109046936035156,1.2320343255996704,21.48451805114746,1.2032939195632935,1.3757721185684204
1769464136.3967235,20.158721923828125,1.1908674240112305,21.581361770629883,1.1584793329238892,1.4230085611343384
1769464136.4168737,20.226654052734375,1.13382089138031,21.58877944946289,1.1673290729522705,1.362536907196045
1769464136.4367943,20.25739097595215,1.1077221632003784,21.655502319335938,1.1192309856414795,1.3981596231460571
1769464136.4566236,20.32469367980957,1.0499361753463745,21.74802589416504,1.0788395404815674,1.4236266613006592
1769464136.4766335,20.379432678222656,1.002280831336975,21.852060317993164,1.0338765382766724,1.4729663133621216
1769464136.496701,20.42784309387207,0.9596375226974487,21.864421844482422,0.9803274273872375,1.436729073524475
1769464136.5167062,20.470008850097656,0.9221070408821106,21.882183074951172,0.9355336427688599,1.4122384786605835
1769464136.53676,20.494022369384766,0.9005701541900635,21.93654441833496,0.885036826133728,1.4426060914993286
1769464136.5566344,20.529932022094727,0.8681414127349854,21.91564178466797,0.8241727352142334,1.386406421661377
1769464136.5768054,20.55379867553711,0.8464401960372925,21.968490600585938,0.7726535201072693,1.416616439819336
1769464136.596919,20.577604293823242,0.8246735334396362,21.92621421813965,0.76832115650177,1.3497867584228516
1769464136.6167898,20.61911964416504,0.7864248156547546,22.005573272705078,0.7203473448753357,1.388026475906372
1769464136.6368186,20.66634178161621,0.7424681782722473,22.096052169799805,0.6629648208618164,1.4319204092025757
1769464136.6566846,20.725027084350586,0.6871586441993713,22.204206466674805,0.6151419281959534,1.480931282043457
1769464136.6766675,20.77170181274414,0.6426215767860413,22.293466567993164,0.5656413435935974,1.52371084690094
1769464136.6966696,20.789140701293945,0.6258541345596313,22.23334312438965,0.5565835237503052,1.445861577987671
1769464136.7166612,20.835477828979492,0.580965518951416,22.320898056030273,0.5071550607681274,1.487251877784729
1769464136.7372942,20.881567001342773,0.5358229279518127,22.3038330078125,0.48094841837882996,1.4233237504959106
1769464136.7567618,20.92169189453125,0.49611571431159973,22.37986183166504,0.43218985199928284,1.459570288658142
1769464136.776647,20.972997665405273,0.44478070735931396,22.42460060119629,0.4219580292701721,1.4517825841903687
1769464136.7967548,21.01833724975586,0.3988838195800781,22.476945877075195,0.36842384934425354,1.458927035331726
1769464136.8168137,21.080263137817383,0.335369735956192,22.58063507080078,0.3173515498638153,1.5004801750183105
1769464136.8369658,21.124998092651367,0.28888434171676636,22.61408042907715,0.2894820272922516,1.489080786705017
1769464136.8567731,21.18609046936035,0.2245662808418274,22.726627349853516,0.23820368945598602,1.5405957698822021
1769464136.8765888,21.213699340820312,0.1951783299446106,22.707035064697266,0.17500321567058563,1.4934731721878052
1769464136.896923,21.246694564819336,0.1597876250743866,22.712627410888672,0.11107775568962097,1.4667407274246216
1769464136.9167647,21.263137817382812,0.14204126596450806,22.755626678466797,0.059159211814403534,1.4947891235351562
1769464136.936736,21.290462493896484,0.11238863319158554,22.798667907714844,0.006982554215937853,1.5118858814239502
1769464136.9568546,21.31768226623535,0.08264212310314178,22.827770233154297,-0.040158409625291824,1.5150728225708008
1769464136.9767365,21.344802856445312,0.05280207470059395,22.870264053344727,-0.09223119914531708,1.5323407649993896
1769464136.9966772,21.393356323242188,-0.0011446409625932574,22.92047882080078,-0.1204233318567276,1.531773328781128
1769464137.0166812,21.436235427856445,-0.04934915900230408,23.001203536987305,-0.17470599710941315,1.5699812173843384
1769464137.0367508,21.47884750366211,-0.09778926521539688,22.980451583862305,-0.17941051721572876,1.5038199424743652
1769464137.0566988,21.510631561279297,-0.13427309691905975,22.972246170043945,-0.21554768085479736,1.4638721942901611
1769464137.0767503,21.526466369628906,-0.15256421267986298,23.00152015686035,-0.2668481469154358,1.4794750213623047
1769464137.096697,21.584205627441406,-0.2199108898639679,23.108936309814453,-0.32345107197761536,1.5282431840896606
1769464137.1168025,21.620681762695312,-0.26299506425857544,23.06521987915039,-0.3386744260787964,1.4465197324752808
1769464137.1367464,21.65178108215332,-0.3000641465187073,23.062725067138672,-0.35941481590270996,1.412191390991211
1769464137.1566808,21.687870025634766,-0.3434736132621765,23.128372192382812,-0.41338294744491577,1.4421976804733276
1769464137.1766407,21.73906135559082,-0.4057883024215698,23.185144424438477,-0.46506521105766296,1.4472981691360474
1769464137.1967442,21.77970314025879,-0.45589345693588257,23.260276794433594,-0.5208512544631958,1.4819986820220947
1769464137.2168748,21.804964065551758,-0.4873228073120117,23.22234344482422,-0.5546111464500427,1.4189751148223877
1769464137.2367084,21.855159759521484,-0.5504422187805176,23.316083908081055,-0.6129685640335083,1.4622609615325928
1769464137.2566648,21.90492057800293,-0.6139066815376282,23.33173370361328,-0.6428635120391846,1.4271079301834106
1769464137.276688,21.94932746887207,-0.6713173389434814,23.41468048095703,-0.700974702835083,1.4656518697738647
1769464137.296722,21.959148406982422,-0.6841126680374146,23.341474533081055,-0.7377290725708008,1.3833667039871216
1769464137.3166573,22.00798225402832,-0.7482922673225403,23.433164596557617,-0.7977668642997742,1.4260400533676147
1769464137.3368497,22.03706932067871,-0.7869614958763123,23.437999725341797,-0.8414043188095093,1.4019874334335327
1769464137.3566995,22.075603485107422,-0.838707447052002,23.509260177612305,-0.8994470834732056,1.4349422454833984
1769464137.3776643,22.080400466918945,-0.8451906442642212,23.442670822143555,-0.9468344449996948,1.3660573959350586
1769464137.3966656,22.123367309570312,-0.903688371181488,23.523340225219727,-1.0055642127990723,1.403674840927124
1769464137.417063,22.17068099975586,-0.9689980745315552,23.526506423950195,-1.020965337753296,1.35682213306427
1769464137.43665,22.198850631713867,-1.0083404779434204,23.57558822631836,-1.075980544090271,1.3783966302871704
1769464137.456664,22.23615837097168,-1.0609782934188843,23.615570068359375,-1.1412982940673828,1.3817486763000488
1769464137.4772089,22.277780532836914,-1.1204416751861572,23.694461822509766,-1.2043949365615845,1.4191678762435913
1769464137.4967387,22.31903076171875,-1.1801632642745972,23.69291877746582,-1.2625212669372559,1.3763543367385864
1769464137.516639,22.36442756652832,-1.246820330619812,23.74111557006836,-1.3452155590057373,1.380199909210205
1769464137.5367107,22.404890060424805,-1.3070788383483887,23.818885803222656,-1.409732460975647,1.4177180528640747
1769464137.5575888,22.444976806640625,-1.367587924003601,23.84278106689453,-1.5187312364578247,1.405950903892517
1769464137.5768445,22.467084884643555,-1.4013115167617798,23.87940788269043,-1.5746897459030151,1.422924280166626
1769464137.5967634,22.493459701538086,-1.441880464553833,23.880184173583984,-1.649454951286316,1.4021735191345215
1769464137.6167002,22.510950088500977,-1.4689871072769165,23.90517807006836,-1.7057510614395142,1.4141883850097656
1769464137.6368058,22.537044525146484,-1.509737491607666,23.93220329284668,-1.7905532121658325,1.423139214515686
1769464137.656829,22.562969207763672,-1.5505956411361694,23.977659225463867,-1.852622389793396,1.4465707540512085
1769464137.676852,22.597270965576172,-1.605238676071167,24.03216552734375,-1.9790964126586914,1.48279869556427
1769464137.6966963,22.631271362304688,-1.660069465637207,24.098621368408203,-2.0476553440093994,1.5176752805709839
1769464137.7166836,22.664966583251953,-1.7150859832763672,24.143892288208008,-2.222450017929077,1.5635358095169067
1769464137.736862,22.70250701904297,-1.777199149131775,24.2204647064209,-2.2975664138793945,1.6046735048294067
1769464137.756671,22.7314395904541,-1.8256686925888062,24.27226448059082,-2.4228463172912598,1.6525015830993652
1769464137.7768426,22.760135650634766,-1.8742763996124268,24.338499069213867,-2.497661828994751,1.6970081329345703
1769464137.797063,22.79668617248535,-1.9369733333587646,24.381031036376953,-2.6111738681793213,1.7218297719955444
1769464137.8167284,22.836835861206055,-2.00689959526062,24.468278884887695,-2.693333625793457,1.7699710130691528
1769464137.8370159,22.864654541015625,-2.056011199951172,24.502002716064453,-2.835514783859253,1.813431978225708
1769464137.856709,22.90397834777832,-2.126400947570801,24.578216552734375,-2.9177608489990234,1.8518424034118652
1769464137.8768225,22.915681838989258,-2.1475703716278076,24.591304779052734,-2.981184244155884,1.8715299367904663
1769464137.896766,22.927339553833008,-2.1687638759613037,24.560344696044922,-3.1492414474487305,1.9047420024871826
1769464137.9170828,22.95437240600586,-2.218308448791504,24.624940872192383,-3.232451915740967,1.9542999267578125
1769464137.9367225,22.992570877075195,-2.2893102169036865,24.682022094726562,-3.378556728363037,2.01015043258667
1769464137.9566298,23.037755966186523,-2.3748557567596436,24.760456085205078,-3.529604196548462,2.0739190578460693
1769464137.9766924,23.06748390197754,-2.43209171295166,24.758359909057617,-3.6946909427642822,2.1102652549743652
1769464137.996743,23.10419464111328,-2.5038645267486572,24.842042922973633,-3.7914416790008545,2.1628618240356445
1769464138.0167542,23.133203506469727,-2.5614633560180664,24.904624938964844,-3.881476640701294,2.209155559539795
1769464138.0367608,23.16189193725586,-2.6192209720611572,24.916366577148438,-4.063986301422119,2.2727808952331543
1769464138.0567036,23.19378089904785,-2.6843855381011963,24.906574249267578,-4.1687421798706055,2.2664895057678223
1769464138.076929,23.221784591674805,-2.7424745559692383,24.966266632080078,-4.263129234313965,2.314218282699585
1769464138.0967402,23.24257469177246,-2.786141872406006,24.922718048095703,-4.40637731552124,2.33410382270813
1769464138.1167693,23.2666015625,-2.8371951580047607,24.970306396484375,-4.4985270500183105,2.379628896713257
1769464138.1368017,23.28021812438965,-2.866420030593872,24.98674964904785,-4.5776495933532715,2.41672420501709
1769464138.1568024,23.2971248626709,-2.9030039310455322,24.91847038269043,-4.665332794189453,2.3946948051452637
1769464138.1766865,23.31056022644043,-2.932312488555908,24.881587982177734,-4.730592250823975,2.3878731727600098
1769464138.1970384,23.333873748779297,-2.983691453933716,24.91511344909668,-4.82051944732666,2.4236865043640137
1769464138.2166538,23.350372314453125,-3.020458936691284,24.873546600341797,-4.864591598510742,2.391836404800415
1769464138.2366562,23.373258590698242,-3.072028636932373,24.91640853881836,-4.958219051361084,2.43701171875
1769464138.2567694,23.395891189575195,-3.1237077713012695,24.95891761779785,-5.052731037139893,2.4827775955200195
1769464138.2769122,23.421449661254883,-3.1829023361206055,25.011518478393555,-5.152544975280762,2.531365394592285
1769464138.2968273,23.449810028076172,-3.2496631145477295,24.9735107421875,-5.216960430145264,2.48835825920105
