timestamp,delta_x,delta_y,dist_error
1768907114.0175593,-2.611916049928954,-0.10022296697461375,2.6138381921966145
1768907114.0376098,-1.9161973449572889,-0.142996626183991,1.9215255137315683
1768907114.0575614,-1.9151012402351428,-0.14530938422494266,1.9206060443240343
1768907114.0774739,-1.913997129853163,-0.14889920854503647,1.919780192467743
1768907114.097482,-1.6498826911392088,-0.15821550393344097,1.6574513688810513
1768907114.1173685,-1.4660964812463808,-0.1676703081476303,1.4756531518474592
1768907114.1375613,-1.4644865035926236,-0.17454444721475504,1.4748513427659249
1768907114.1574938,-1.3441069816828044,-0.16335872677162122,1.353997655766399
1768907114.1776075,-1.2628434981384151,-0.20145991848858102,1.278811870271736
1768907114.197567,-1.260836709651814,-0.2210423798206218,1.2800659912998145
1768907114.2173676,-0.7294956042698395,-0.1830941890521034,0.7521218775661732
1768907114.2373674,-0.7256350532945763,-0.1942983261236595,0.751197756988317
1768907114.2573829,-1.0060359550417806,-0.17047215636712298,1.020376939632254
1768907114.2774234,-1.0033342826849054,-0.18639787884555759,1.0205017648436268
1768907114.2973902,0.567774322571263,-0.2344483243415496,0.6142749369442132
1768907114.3174217,0.578132563938075,-0.2524496205766278,0.6308471070036668
1768907114.3378592,0.5886643273297123,-0.25467099434670626,0.6413914605231993
1768907114.3574443,0.5989331013335404,-0.26591147618180777,0.6553089142062704
1768907114.377398,0.6093920022223189,-0.27093933156227834,0.6669083398488438
1768907114.3974512,0.6199932957406702,-0.2757373708291855,0.67854460754999
1768907114.417506,0.6307154715933967,-0.27867961167717326,0.6895392172109001
1768907114.4375775,0.6416146076215012,-0.2798154725683597,0.6999757162944636
1768907114.4574308,0.6523835335056267,-0.27980054076532834,0.7098539408933766
1768907114.477512,0.6634351873160993,-0.2796802791667927,0.7199772957003318
1768907114.4973843,0.6744947476851797,-0.27968803506751616,0.7301839231418495
1768907114.517396,0.6853179185089395,-0.27974478694482485,0.7402146953771122
1768907114.5374746,0.6960782280284086,-0.27980461971462045,0.7502103203427772
1768907114.557487,0.7069596692392528,-0.279881544967564,0.7603457457922049
1768907114.5774064,0.7183704298050868,-0.27999641970184985,0.7710084756111307
1768907114.5975242,0.7293156147745528,-0.28004816925228404,0.7812350754129896
1768907114.6180954,0.7408573674232715,-0.2801394300683189,0.7920528638571688
1768907114.637547,0.7526116371539411,-0.28024405305462796,0.8030946430228636
1768907114.6575205,0.7639257657484446,-0.2803079561523969,0.8137291477246478
1768907114.677527,0.7778624084059507,-0.28045108355863935,0.826875284840659
1768907114.6974945,2.5163630110084725,-0.27184824958474607,2.531004597778107
1768907114.717538,3.012190956207548,-0.24404266143530595,3.022060750094043
1768907114.7375174,3.043376366511235,-0.24372443163436053,3.053119929975667
1768907114.7574096,3.4487383704977654,-0.25226882454667265,3.4579525601115093
1768907114.777491,3.487026790958443,-0.25207639239695645,3.4961261917250357
1768907114.797619,2.8282258899997066,-0.25917170015501334,2.84007599458639
1768907114.8176374,2.8592036550463193,-0.25906869786489306,2.8709166012344634
1768907114.8375995,2.3023255902348927,-0.26770643834680996,2.317837324011929
1768907114.8574255,2.3258032766054786,-0.2676933278520748,2.341157961190423
1768907114.8774667,2.406574148336891,-0.23437371535357165,2.4179599190003276
1768907114.8974497,2.4292826342249834,-0.2339017185447947,2.4405171851239404
1768907114.9174514,2.3057782379200917,-0.23667151572577794,2.3178927259089925
1768907114.9375956,2.3280124291624746,-0.2362422651011622,2.3399684352903343
1768907114.9575956,2.419535388712541,-0.2023578503069352,2.4279827422807583
1768907114.9775898,2.4433699279039347,-0.20145711653394738,2.4516609827599436
1768907114.9975977,2.2236779396399378,-0.24280406306571312,2.2368945867614185
1768907115.017934,2.245394500185376,-0.2425003017773184,2.2584514291489257
1768907115.0375788,2.383833286242223,-0.21395019625826617,2.3934150962746403
1768907115.0576196,2.4112743329291355,-0.21323153548805607,2.4206841174282614
1768907115.0789502,2.5797743228542256,-0.25782963809569903,2.592626405623945
1768907115.0974648,2.569340961508918,-0.2270135132466491,2.5793503274437457
1768907115.1174018,2.606732818414546,-0.22648270066920517,2.6165531525848773
1768907115.137435,2.629371619318806,-0.22594531570595056,2.6390616510738547
1768907115.1575167,2.3405047235582046,-0.2655616233161746,2.3555223065758875
1768907115.1774502,2.4288241269298405,-0.2318819834580612,2.4398680074563353
1768907115.1974401,2.4574164372250227,-0.2314259629665214,2.468289594492248
1768907115.2174382,2.496504384923714,-0.2309764627041071,2.5071665820736033
1768907115.2374597,2.9647780984361374,-0.2752493039206385,2.9775277248541943
1768907115.2574003,2.4776085532795404,-0.23692435341691365,2.4889108647209444
1768907115.2775335,2.5110035075009103,-0.236559328159065,2.5221219103011143
1768907115.2974517,2.8833726731166953,-0.27723655022660054,2.8966701705333424
1768907115.3174255,2.9119865882264024,-0.2775397501925312,2.9251827640247328
1768907115.3375018,3.1130979553548848,-0.24156515125282496,3.1224561809470703
1768907115.3576624,3.1451757794972277,-0.24126804601891916,3.1544161034913865
1768907115.3780065,3.966955994951629,-0.2872517128697467,3.9773425063010697
1768907115.3980112,3.4492522323461703,-0.24657663643077488,3.4580545108454483
1768907115.4179192,3.5032031846038754,-0.24638010934939736,3.5118564479348744
1768907115.4380121,3.4551996394588604,-0.28429395002326885,3.466875769123617
1768907115.457482,3.5137402528029043,-0.2847551496374736,3.5252597151717033
1768907115.477607,3.52554831975858,-0.2456426679496193,3.534095538503445
1768907115.4974165,3.591182880872421,-0.245476064528785,3.5995628876472883
1768907115.517416,3.8824412697165958,-0.2870707614724779,3.8930399220777328
1768907115.5378573,3.933236210704278,-0.2875967923665712,3.9437366803800287
1768907115.5573947,3.995254629841499,-0.24794720893323774,4.002941090709145
1768907115.5778024,4.047414950444934,-0.2477697127625138,4.054991690700191
1768907115.5975063,4.094850219102974,-0.2475866700337459,4.102328299400972
1768907115.617398,4.325368868038606,-0.2908729092794786,4.335138163190452
1768907115.6374593,4.272340531398004,-0.25112655309683074,4.279714729032353
1768907115.6577168,4.322702446588229,-0.2509892105671341,4.329982912848615
1768907115.6775472,3.886788883832339,-0.2866261826004175,3.897342991838764
1768907115.6979015,3.9136430645384337,-0.2870899283584212,3.9241588479029015
1768907115.7174706,4.065263310346434,-0.2484680407024431,4.072849389518272
1768907115.73762,4.1099368597777,-0.24828383947850785,4.117429520502514
1768907115.7574947,4.1593192107217325,-0.28848680337259847,4.169311805610009
1768907115.777572,4.204727335738449,-0.28903571124268,4.214649879916446
1768907115.7974932,4.149937808988161,-0.24868666031229125,4.15738245456041
1768907115.8173864,4.2408771082130094,-0.24871525607199452,4.248164065283743
1768907115.8375978,4.304164980491505,-0.24862863256788703,4.311339974558028
1768907115.8574364,4.272077835393055,-0.28920597647243085,4.281855804261043
1768907115.877447,4.109707573848213,-0.25017497513508413,4.117315127692949
1768907115.897689,4.182393360478369,-0.25018896944575175,4.189869776282537
1768907115.9174023,4.147308699650077,-0.2875235046238993,4.157263428735834
1768907115.9376552,4.207605070701663,-0.2881894819391073,4.217462935046932
1768907115.9574351,4.262582799895353,-0.24953693977601965,4.269880655273223
1768907115.9775856,4.304182221130115,-0.24938529291541656,4.311400887996276
1768907115.9973993,4.352832952081852,-0.24927968341941487,4.359965030742253
1768907116.0175447,4.491113672371258,-0.28964819044087875,4.500444210562522
1768907116.0373595,4.32108274741615,-0.2891405462936305,4.3307457054794245
1768907116.0574322,4.375386638194128,-0.2898147628029131,4.384974438970679
1768907116.0774877,4.263781503657087,-0.28768685296273855,4.273475919704696
1768907116.0974817,4.359027205939641,-0.28725647430863077,4.36848194046332
1768907116.1175175,4.4276281822436285,-0.2879793864377085,4.436983597807305
1768907116.137474,4.159043313612434,-0.28469049048576966,4.168775594809263
1768907116.1574328,4.223269674359475,-0.2853633196172405,4.23289959325134
1768907116.1774669,4.258962756345989,-0.2840513345285496,4.2684246415498155
1768907116.197448,4.309097197930807,-0.28460775062055976,4.31848587272535
1768907116.2176383,4.351924334706681,-0.2851231483334278,4.361254478327051
1768907116.2375188,4.053353383976395,-0.28079444516242,4.063067705050823
1768907116.2574022,4.106526413437076,-0.2813379690240492,4.116152358340366
1768907116.2776258,3.7397494125704407,-0.2776201639550129,3.750039816356003
1768907116.2974865,3.976877818652633,-0.2784529995489313,3.9866142599264753
1768907116.3174772,4.027664532648545,-0.2789509481194976,4.037312871082918
1768907116.3376355,3.939763602312105,-0.2773417723275937,3.9495133498674324
1768907116.357729,4.014586820635569,-0.27800088192025374,4.0242007691924675
1768907116.3774104,4.039701080875765,-0.2783023399632789,4.0492761100297745
1768907116.3975046,4.112515077364046,-0.2773948841310556,4.121859796655957
1768907116.4174862,4.1300384279284135,-0.27761531941887263,4.139358365947728
1768907116.4376237,4.041615726072836,-0.27662832384781755,4.0510715751260316
1768907116.4575636,4.074889742768721,-0.2769601476421739,4.084291044857566
1768907116.4774628,3.9527570777297623,-0.2759411084929173,3.962377065714346
1768907116.4975035,4.0276907529395265,-0.2765884843604294,4.037176487471829
1768907116.517667,4.085969700785303,-0.2771146457592133,4.095356019032997
1768907116.5375595,3.869349685414228,-0.2758102646151892,3.879167216050668
1768907116.5574672,3.677209536011036,-0.2749085434402012,3.6874713122934137
1768907116.5774598,3.718405818755307,-0.27532418908368417,3.728584884651
1768907116.5977848,3.436521264673826,-0.27460905960536586,3.447475676226409
1768907116.6178052,3.444410566832504,-0.2747928430182922,3.4553545779675763
1768907116.637397,3.677945402479499,-0.2768731257279331,3.688352086145036
1768907116.65738,3.6994101820871412,-0.2771643227013252,3.7097783973046825
1768907116.6776295,3.336125089563545,-0.27486564231641175,3.347429123154273
1768907116.69758,3.331557243950371,-0.27496405560501636,3.3428848172787755
1768907116.7177694,3.2996049375767456,-0.27502235048614043,3.3110466679507495
1768907116.7376733,3.314159644693757,-0.2752670276993996,3.325571542916362
1768907116.7574995,3.300448505140264,-0.2752957907394542,3.3119100391588936
1768907116.7777731,2.7957895000768707,-0.27151208668757487,2.8089424597092623
1768907116.7978237,3.049970095457149,-0.27351908490527066,3.062210030842154
1768907116.8175886,3.061481216040513,-0.27373341566635023,3.073694392587081
1768907116.8374498,3.022374451363672,-0.2741056867206906,3.034778616596024
1768907116.8575394,3.051807893673243,-0.2744647465200627,3.0641250491728695
1768907116.8774319,3.018305357968715,-0.2756978058623165,3.030870586828139
1768907116.8976777,3.047160694593704,-0.27607463973441604,3.059641401436004
1768907116.9175284,3.015158624542712,-0.2777184399939223,3.027921574788052
1768907116.9376748,3.0436999071266175,-0.27811952526864925,3.056380145691671
1768907116.9576666,2.9937415110528045,-0.27890837368826826,3.006705525307419
1768907116.9775052,3.022467423170726,-0.27932397616816296,3.0353469666235324
1768907116.9977794,2.9818828777490527,-0.27979546970257285,2.9949809684669213
1768907117.0178385,3.0101156219902414,-0.28021640310077434,3.0231303793115565
1768907117.037569,2.9574041718852557,-0.280121142816669,2.970640888855001
1768907117.0575092,2.9545196409279857,-0.28031388493518516,2.967787422090182
1768907117.0775754,2.9523966142086895,-0.2805295023639731,2.9656942811570297
1768907117.0974755,2.8064920025943003,-0.27988757034685285,2.8204138725833183
1768907117.1174347,2.821922463389952,-0.2802146278482489,2.83580087930111
1768907117.1374605,2.848472837008452,-0.28062039293302643,2.862262271020052
1768907117.1574333,2.9323607085247785,-0.2819088773265914,2.9458805033496316
1768907117.1774273,2.7880519072887386,-0.28103871503440203,2.802180614643632
1768907117.1974523,2.8143505498568997,-0.28145010882547883,2.828388795982212
1768907117.2176461,2.934323381842316,-0.2822959803119405,2.9478712200038193
1768907117.2375133,2.996574429091025,-0.2829613024017368,3.009904551267214
1768907117.257496,3.0076627410366843,-0.2833751478515465,3.0209827272330085
1768907117.2774236,3.0480917970669887,-0.28389289115015615,3.061283844564672
1768907117.2974677,2.9665153939613775,-0.2832459071035176,2.980007017860985
1768907117.3176847,2.8357393849762467,-0.2825333839819093,2.8497794603389455
1768907117.3374534,2.850541476220676,-0.2828674530153883,2.864541971001606
1768907117.3574893,2.809072446230971,-0.2827881214611594,2.823270644095883
1768907117.3776157,2.86130250294491,-0.28304730303783643,2.8752682986315903
1768907117.397596,2.8551623241843593,-0.2832254065439912,2.8691755833956627
1768907117.4177985,2.817736838595911,-0.28301387410820844,2.831914148507722
1768907117.4375021,2.8119418362155297,-0.28319384238598655,2.826166244689881
1768907117.457599,2.7166040251250214,-0.28253762282192163,2.731257025187364
1768907117.4774878,2.6867517530185445,-0.28253649106383616,2.701566555006722
1768907117.497734,2.697938673083735,-0.28225860269044034,2.7126634517598354
1768907117.5177898,2.7136981063665164,-0.2826002469169513,2.7283731988228332
1768907117.5380547,2.830062607123593,-0.28480595924060914,2.8443573605751706
1768907117.5575726,2.9040753750985058,-0.28561345335510424,2.9180865012865804
1768907117.577543,2.9572721653882477,-0.28629043710834967,2.971097587518758
1768907117.59741,2.889120254556098,-0.28644845452054923,2.9032858216826507
1768907117.6175036,2.9057213947796185,-0.2868540814431695,2.919846243917754
1768907117.6374528,3.0398511532307992,-0.28890963199775577,3.053549378880207
1768907117.6575425,3.0819237164098237,-0.28954034762532643,3.0954946949837168
1768907117.6773758,2.844081045593726,-0.28857098786055957,2.8586832998673217
1768907117.6976871,2.846989164299556,-0.28890003760716887,2.861609780065847
1768907117.7175214,2.6148433655726713,-0.2865816726844894,2.6305008803644325
1768907117.7374082,2.5902346182345566,-0.28667228265821354,2.6060499563794224
1768907117.7575555,2.6087316284431274,-0.28712135449589926,2.624484593486327
1768907117.7775023,2.486695862128239,-0.2869215874902018,2.5031940212643535
1768907117.7976449,2.4955798197619288,-0.2872987659705233,2.512062741599255
1768907117.8180978,2.491190004757467,-0.28757427570377914,2.5077333597992553
1768907117.8373997,2.2174022368336974,-0.28453710156753154,2.235583602123512
1768907117.8575692,2.3027285519405964,-0.28552408865728474,2.3203626417277987
1768907117.8776395,2.6958654491028895,-0.29033581855370816,2.7114544818606077
1768907117.8974512,2.706024940093018,-0.2907260150567268,2.721597433904615
1768907117.9173858,1.0994260581347355,-0.2300277675593856,1.12323213591583
1768907117.9374042,0.9754171291160034,-0.22575263176815952,1.001200692430422
1768907117.9573002,0.9517946356678424,-0.22490199889677243,0.9780050805562539
1768907117.9774475,0.9107349177435129,-0.22685356193823747,0.9385630660543537
1768907117.997399,0.8756919891067731,-0.22596529261479414,0.9043764554942075
1768907118.0175633,0.8046637740246849,-0.22478107413069637,0.8354701194626883
1768907118.0375006,0.8069196252786215,-0.22849569884404275,0.8386474623165674
1768907118.0575094,0.7743808218710937,-0.22957040689505614,0.8076931527527718
1768907118.0774763,0.7286702913181458,-0.22871338810140784,0.7637212890488889
1768907118.0978231,0.6439351076417097,-0.23052849020103228,0.6839559983273102
1768907118.1174002,0.5874418300443489,-0.2296483253515209,0.6307346962254509
1768907118.137436,0.6093156949474237,-0.23180439287529264,0.6519193912329536
1768907118.157903,0.5384515268098156,-0.23083917998419334,0.5858470566108498
1768907118.177672,0.5441809936919881,-0.23345342134042468,0.5921431024939406
1768907118.197558,0.5346008845699233,-0.2330558709139483,0.5831922022373098
1768907118.2174976,0.6584908747136353,-0.21552406614345987,0.6928642400702602
1768907118.2376242,0.6619879162895579,-0.2148857113232836,0.6959912860404965
1768907118.2574148,0.7794714196465931,-0.23640155490267833,0.8145313924007345
1768907118.2776897,0.7958247669142464,-0.2362783656657088,0.8301593375465779
1768907118.2976506,0.7887418197757752,-0.23596417365169842,0.8232816951143335
1768907118.31765,0.7774635321000396,-0.22157140401936282,0.8084203305363993
1768907118.337302,0.7491058943445159,-0.22219588624197595,0.781364609388315
1768907118.357455,0.7054077929206235,-0.22133914477189176,0.739318044769298
1768907118.3774261,0.7170066625117499,-0.22389528536076053,0.7511508855702793
1768907118.3975008,0.6268940722986525,-0.2243661936818464,0.6658350897560655
1768907118.4176824,0.6166370069147566,-0.22387744405940957,0.6560200517174484
1768907118.4383862,0.5431780109722002,-0.2258461176093931,0.5882591439518399
1768907118.4579268,0.536999431514924,-0.2254658435249839,0.5824115692908101
1768907118.4774916,0.48412179361660623,-0.22469203983244057,0.5337231715211762
1768907118.4975998,0.6750307636342585,-0.2281424093465727,0.7125415712750445
1768907118.5174878,0.4227988732970429,-0.22970452963346588,0.4811684301732406
1768907118.5374706,0.4670773147896492,-0.22986708146025947,0.5205766928418584
1768907118.5574725,0.7252512997528919,-0.21767478594324352,0.7572131537610106
1768907118.577577,0.7507973423666545,-0.21741256013889476,0.7816424186359002
1768907118.5973983,0.8182804646970601,-0.20732858088453554,0.8441374647274175
1768907118.6174493,0.8220146678803868,-0.20669124355717994,0.8476021380186084
1768907118.6374846,0.784104043850923,-0.22100111751750173,0.8146536966879576
1768907118.6575758,0.7647812727669665,-0.22046408363207082,0.7959238703210189
1768907118.6775074,0.7235521480704072,-0.21973945050713706,0.7561832695097658
1768907118.6973805,0.7815138492150737,-0.2145236079897277,0.8104222818382348
1768907118.717525,0.7309938804299252,-0.22461439499123248,0.7647245776508541
1768907118.737726,0.6804277059473014,-0.2239226116382369,0.7163261820034194
1768907118.757495,0.7277802733334511,-0.21968097058783176,0.7602130327031525
1768907118.7775486,0.7591695751031864,-0.21963463562314622,0.7903023579160477
1768907118.797349,0.6894396522385664,-0.22482046500928465,0.7251698253277133
1768907118.8175163,0.5575516298132683,-0.2295707132151703,0.6029647852682226
1768907118.8374226,0.5798712943773401,-0.22971324135353388,0.6237137895669765
1768907118.857489,0.3837362840537377,-0.2379528148192831,0.4515252792256386
1768907118.8776085,0.33238922254609626,-0.23762149781492692,0.40859095864765244
1768907118.897582,0.28953795439574037,-0.23737172892684022,0.3744029443385657
1768907118.917557,0.30280642789813417,-0.2436611223395735,0.38866756401352626
1768907118.9374712,0.26984124333734627,-0.24583549643197244,0.36503340656958955
1768907118.9576473,0.20851987371210967,-0.24557451535243757,0.3221604884580025
1768907118.977619,0.3029789377309102,-0.24760338039232632,0.3912846415210516
1768907118.9975653,0.23545147807352063,-0.24729824017151447,0.3414583695253839
1768907119.0175161,0.4291608712502164,-0.24686055152596165,0.4950951275380791
1768907119.0377061,0.3924524228408961,-0.24679635416181345,0.46360257184495074
1768907119.0576117,0.34687250637906075,-0.24664650168726077,0.42562311083428667
1768907119.0775528,0.6544179537658525,-0.24606283740794588,0.6991493246541362
1768907119.0975294,0.6681341007989072,-0.24675033027919113,0.7122421653786403
1768907119.117546,0.6533499246498335,-0.24681575891721685,0.6984154514970476
1768907119.1378212,0.7867368222701723,-0.2467461516737064,0.8245231900204824
1768907119.157387,0.8227133912873139,-0.2472242246516574,0.8590559594450679
1768907119.1783798,0.9993942547570276,-0.24783251724867483,1.0296649129921682
1768907119.1974297,0.9721559741019918,-0.24770091446696263,1.0032163181537481
1768907119.2173889,1.1090933164451728,-0.24592969436806822,1.1360323055069006
1768907119.2377284,1.078445199152318,-0.24525460914620822,1.105980954122693
1768907119.2579565,1.2109372102837694,-0.2415009424086909,1.234784042832642
1768907119.2774694,1.147997813232668,-0.2406086036858568,1.172941379334298
1768907119.2974215,1.2672423682137515,-0.23881384631306446,1.2895484764004947
1768907119.3174798,1.283826336851983,-0.23764068939882943,1.305635155950058
1768907119.3375351,1.2739449887524357,-0.23259262448361806,1.2950039240603175
1768907119.357497,1.2348347002976636,-0.22923007682411534,1.2559311944449865
1768907119.3774211,1.4537758503426943,-0.22031142724302022,1.4703745604482825
1768907119.3974907,1.4172524535490645,-0.2156353789362635,1.4335630902544292
1768907119.4173994,1.5868256311575948,-0.19722711476512877,1.5990353712464513
1768907119.4375546,1.5841360067516312,-0.18322137292216212,1.5946965101179869
1768907119.4575262,1.706732358318285,-0.1668732851648329,1.714870851181627
1768907119.4775147,1.7709306156630449,-0.14950768170331408,1.7772303712183717
1768907119.4976737,1.7619075411412117,-0.13707246135171136,1.767231462822934
1768907119.5173817,1.8652621144075061,-0.12903667248090844,1.869720090892994
1768907119.5374014,1.8508980040859697,-0.12023223436609598,1.854798968004374
1768907119.5575287,1.9265478652494723,-0.11465747194662868,1.9299567386266694
1768907119.577629,1.9070998295293045,-0.10913021957580415,1.9102196639693994
1768907119.5975773,1.9864830347552465,-0.1070983819445317,1.9893679676685132
1768907119.6174028,2.0162318751514228,-0.10087359701968879,2.018753689025066
1768907119.6377115,1.99285777140219,-0.09613425496619854,1.9951751532173834
1768907119.6574917,1.9651301585573453,-0.09379560569603385,1.967367315912182
1768907119.677428,2.1068183688002913,-0.09251276258623342,2.108848560318084
1768907119.6976762,2.085366265101113,-0.09027392378219812,2.087319295397041
1768907119.7174494,2.1984552687739454,-0.08570732513308688,2.2001252951551167
1768907119.737744,2.254309240153872,-0.08368178979173635,2.2558618734722824
1768907119.7573833,2.2639608472774286,-0.08326170106186392,2.2654913879485057
1768907119.7774584,2.3389089658387983,-0.08222412991675832,2.3403538104358677
1768907119.7973385,2.3519925445938137,-0.08145212835753313,2.3534025110547607
1768907119.8176382,2.3311470256389883,-0.08074043759490479,2.3325448491740772
1768907119.8374503,2.461027432919936,-0.07761427785547159,2.462251002987209
1768907119.8575094,2.4874903930188887,-0.07502770383807711,2.4886216288750043
1768907119.877456,2.478110645200222,-0.07416064218344065,2.479220073068085
1768907119.897638,2.4507477907070356,-0.07338426107897256,2.4518462397608713
1768907119.917451,2.5498935914973933,-0.07503048145086222,2.550997236593216
1768907119.9376254,2.5586098238047867,-0.07085374434777592,2.5595906867228715
1768907119.9576225,2.550571872861137,-0.06990184784919773,2.551529570074213
1768907119.9774737,2.5383118969123233,-0.06897154020733964,2.539248778549516
1768907119.9977534,2.633281814260342,-0.06848624363639111,2.6341722568734305
1768907120.0175052,2.6580274161284603,-0.0658489621674434,2.6588429496134345
1768907120.0379071,2.658159779983695,-0.06467556406554564,2.6589464726673535
1768907120.0574253,2.720649553752099,-0.06154920152996457,2.7213456778844676
1768907120.0777042,2.7280759416522695,-0.06014528948370401,2.728738866082461
1768907120.0974443,2.7897748887543647,-0.05455754819344971,2.790308308411332
1768907120.117656,2.789564911271249,-0.053101433376186336,2.7900702780436153
1768907120.1374485,2.842174428037678,-0.04980568437132238,2.8426107868624926
1768907120.1576571,2.841858772511138,-0.04823964001664027,2.842268169221097
1768907120.1774955,2.8958980239609255,-0.04700938879715988,2.896279552773847
1768907120.1976738,2.8891373643246414,-0.045543010065140166,2.889496301382393
1768907120.2174525,2.8790993391669435,-0.044147267391871026,2.87943778991832
1768907120.2374072,2.959537356466366,-0.04120490788347908,2.959824185446428
1768907120.2573473,2.9899628492421195,-0.03774492687641651,2.9902010834311725
1768907120.2774477,2.977790579239702,-0.036312057946077836,2.978011970990211
1768907120.2980504,3.0360319406885505,-0.03439780999484654,3.036226795582558
1768907120.317455,3.033328097895728,-0.0326332406891483,3.0335036307678274
1768907120.3375835,3.0943935857070963,-0.027942937905066856,3.094519748045565
1768907120.3575203,3.110705411018939,-0.02417433551650916,3.1107993430371192
1768907120.3774111,3.1020184288355166,-0.022437818992547598,3.1020995774727007
1768907120.3974326,3.133980474664816,-0.020434858750387086,3.1340470958542492
1768907120.4174492,3.128300730019144,-0.018535637047705222,3.1283556427105714
1768907120.4374053,3.1644302284430186,-0.016228326816650096,3.164471840493323
1768907120.4576163,3.1615110636640313,-0.01414976767556908,3.1615427280989494
1768907120.4778473,3.195445409721703,-0.010766647169720756,3.195463548094827
1768907120.4975858,3.197512877382861,-0.008347326642533126,3.1975237729986157
1768907120.5174656,3.235298311577603,-0.006237064288745486,3.2353043235324606
1768907120.5374622,3.234449333911929,-0.0038649158304844278,3.234451643048277
1768907120.5575626,3.272354185348245,5.964075773512434e-05,3.2723541858917407
1768907120.5779238,3.2729397243403877,0.0027053580873053207,3.2729408424424222
1768907120.5975714,3.2774948812193845,0.005670573663115519,3.277499786700975
1768907120.6174972,3.331906474634385,0.014159842239348741,3.3319365625477895
1768907120.6373312,3.3266244783446037,0.016519457329922993,3.3266654945142866
1768907120.657406,3.3535763876600244,0.01941037819023883,3.35363256047116
1768907120.6773863,3.3465283927985023,0.021655647415846246,3.3465984597605263
1768907120.6974487,3.370265054604161,0.022507623704638213,3.3703402100397546
1768907120.717529,3.3600149371628705,0.024416243607817023,3.360103648834292
1768907120.7374158,3.382955397091701,0.026208180533876302,3.383056914602349
1768907120.7574124,3.381803736551179,0.0289818798576178,3.381927920862832
1768907120.7774632,3.402991130605386,0.0327089338062061,3.4031483231457402
1768907120.7975216,3.40508691414607,0.03589120066530427,3.4052760638711805
1768907120.8176188,3.428748531594368,0.0378940456245731,3.4289579250268343
1768907120.8375776,3.4274005381337744,0.040746455731439646,3.4276427355333228
1768907120.8574984,3.4542819574198287,0.04545120492272936,3.4545809663959375
1768907120.8775904,3.449622017620455,0.048009890620926754,3.449956088713196
1768907120.897457,3.4779288496140017,0.05287253277842385,3.4783307185631127
1768907120.9177492,3.4756512397901886,0.055841336448156476,3.4760997965408578
1768907120.937512,3.5014995872052515,0.05895840897881843,3.5019959242106293
1768907120.957465,3.4953409637240886,0.06137218067638539,3.4958797172169147
1768907120.9776568,3.49002829520989,0.06398049850204757,3.490614703108067
1768907120.9974713,3.521835897452222,0.06561351322981857,3.5224470502338936
1768907121.0173779,3.5299251040360744,0.06762946725065255,3.530572897554262
1768907121.0375803,3.535764358229434,0.07228764597145787,3.536503230690691
1768907121.0574167,3.5364773171680373,0.07574827745014989,3.5372884553540023
1768907121.0775957,3.554915664935341,0.0807028250787285,3.5558315948281867
1768907121.0978034,3.5529713273653725,0.08384203607175067,3.5539604302936625
1768907121.1174564,3.571748911077102,0.0837761775355963,3.5727312705691903
1768907121.1377552,3.5685188172715367,0.08667940764032789,3.569571384484407
1768907121.1573758,3.5863444897482184,0.08724757753169143,3.5874056000029544
1768907121.1778436,3.5812842499964033,0.08975409511852117,3.5824087813736227
1768907121.197567,3.596208880763866,0.09437414373579589,3.5974469826657294
1768907121.2176538,3.590487940725274,0.09673501956046238,3.5917908230439846
1768907121.2374408,3.6061182589166254,0.09662908117713975,3.607412656824973
1768907121.2575135,3.602193890652819,0.09925033136235584,3.60356094081008
1768907121.277506,3.617298479625995,0.1038222206716366,3.6187881043534067
1768907121.2976062,3.615634384621865,0.10693919204512792,3.6172155028495605
1768907121.3174038,3.6313851932271204,0.11132878204664642,3.6330913172257535
1768907121.3373904,3.628206266319242,0.11413455596399569,3.6300010203611945
1768907121.357505,3.645077964510942,0.11897327704342864,3.647019057807854
1768907121.3776429,3.6450390776411803,0.12315036285577108,3.64711884772114
1768907121.3974206,3.6421301655243257,0.12599246431010958,3.644308747030798
1768907121.417377,3.651125244654632,0.12899028925053724,3.653403077525841
1768907121.4374685,3.648329970350642,0.13186839557804664,3.650712375182554
1768907121.457392,3.659024641484759,0.13314398042946785,3.661446250666159
1768907121.4774914,3.6558509127331016,0.13584405702621272,3.65837388793994
1768907121.4975452,3.665416995389622,0.13828448318553477,3.6680245839390135
1768907121.5174403,3.663232444331718,0.1411336068616338,3.6659501682633806
1768907121.5374942,3.67450084456929,0.14269765262729983,3.6772706015203407
1768907121.557431,3.6739216545212523,0.14584821911155466,3.6768154735556404
1768907121.577427,3.6839305680647865,0.15038160574927684,3.686998651704374
1768907121.5976555,3.6843716147096295,0.15374375597252676,3.687577977179409
1768907121.6175022,3.694389995216178,0.15854855066732476,3.697790567308011
1768907121.6375413,3.694632066775144,0.16181988648530954,3.698174114952579
1768907121.6577973,3.7038377629663266,0.1660757612214967,3.7075592150147383
1768907121.677485,3.7010789204210788,0.16858769575565713,3.7049165964088124
1768907121.6973963,3.711501194497206,0.17013924608596298,3.7153988318635305
1768907121.7174342,3.7075408403885586,0.1723454481605815,3.71154442741169
1768907121.737452,3.7065583285658326,0.17522182203316206,3.7106976877640356
1768907121.7575428,3.719435138258432,0.17944464324381215,3.723761287690233
1768907121.7773192,3.721345327476813,0.18288218662453737,3.7258364081797906
1768907121.7974277,3.7259954823069794,0.18564810703300427,3.7306175834326623
1768907121.8174992,3.7283281270521345,0.1891679457729838,3.733124044908774
1768907121.8374047,3.7416179062368142,0.19142373601503238,3.746511391011899
1768907121.8574593,3.7438621119430335,0.1948388648361039,3.7489286064812135
1768907121.8773956,3.754634083727,0.20165737927416671,3.760045585002955
1768907121.897801,3.7547828338354465,0.20467812903145077,3.7603573321918704
1768907121.9175801,3.761757243371047,0.21184548879673137,3.7677176206794036
1768907121.9383252,3.76235443992233,0.21498609686116055,3.7684917345599773
1768907121.957503,3.7695923919724486,0.21804317684306973,3.775893222614271
1768907121.9775343,3.768684556361004,0.22082062448052397,3.7751483458997876
1768907121.9974296,3.7804719538861082,0.22082367694616067,3.786915801865612
1768907122.0176985,3.7789326798868563,0.2233697606444931,3.7855285296887193
1768907122.0375078,3.7919061557838996,0.22848432800094276,3.7987836714419356
1768907122.0575562,3.7917163192091907,0.23131593200001532,3.7987655502484396
1768907122.0773177,3.8076881573266608,0.2385589483156716,3.8151539255011953
1768907122.0975726,3.8089599262419664,0.24174827738960758,3.816623894142315
1768907122.1177864,3.8113994073621473,0.2452204538566578,3.819279842251703
1768907122.1374767,3.825461742986949,0.249221664215038,3.833571309493389
1768907122.1575933,3.8385751618077615,0.2545291064835684,3.8470045930431125
1768907122.1774457,3.844312805850919,0.25864384751321,3.8530037099756083
1768907122.1975145,3.8509457866642824,0.2658872952337159,3.860113923913916
1768907122.2174203,3.854235346591616,0.2709950673020636,3.8637505656315656
1768907122.2375908,3.8555854359456365,0.2742635879099353,3.865327873483611
1768907122.2573557,3.8661475021117386,0.27819479205427644,3.8761435538961866
1768907122.2775066,3.867797453884241,0.28150521611712964,3.8780281498429803
1768907122.2975578,3.8774403800784363,0.2870897895122475,3.8880540696221026
1768907122.3175547,3.8832837869318304,0.29134831815539197,3.894197839393833
1768907122.3374288,3.8942859036615554,0.2942943559865405,3.9053901043842765
1768907122.357626,3.9031884626152635,0.29926040536990595,3.914643912914055
1768907122.3773406,3.919297325116701,0.3086120218638655,3.9314288627299145
1768907122.3975005,3.9288054494714766,0.31381096247348594,3.941318254082675
1768907122.4173915,3.943020833691601,0.32212945994811903,3.956157312834321
1768907122.4375062,3.941581081505025,0.324816111660847,3.954942089142747
1768907122.457432,3.9505283471046555,0.3313965786028241,3.964403853492615
1768907122.477449,3.950635325962865,0.3344797494250207,3.964769373055782
1768907122.4973621,3.9566603448367044,0.3417575620702724,3.971392616656722
1768907122.517485,3.9582866021450362,0.3452842219754011,3.9733177595890887
1768907122.5376241,3.9688335835707296,0.34895979464873417,3.9841451971985364
1768907122.5577252,3.973619317190071,0.35321929874824765,3.989287449025739
1768907122.5775626,3.9844851458269703,0.3565315070050694,4.000404553642429
1768907122.5978026,3.9940060317822192,0.361931923201106,4.010371416582858
1768907122.6173987,4.008900940834239,0.36988576443249777,4.025928741564045
1768907122.6375391,4.016115744969555,0.3795517563494748,4.034011057587762
1768907122.6574419,4.0276242086972305,0.3855764680863887,4.046038306692853
1768907122.6774552,4.038913973724974,0.3932195404949095,4.058010312231586
1768907122.697421,4.052224079336692,0.399793884334092,4.071898223078155
1768907122.717361,4.0558750834388935,0.4087473819466654,4.076419644088266
1768907122.737883,4.06107417118124,0.4168652107868427,4.0824135052441415
1768907122.7575018,4.066635702540943,0.4216332930794433,4.088434978205436
1768907122.7775636,4.067360989607688,0.42523308509759783,4.089529141165771
1768907122.7974398,4.080066329794849,0.4245828056922196,4.102098464739125
1768907122.8174183,4.082327228117315,0.43152531110333214,4.105071216379909
1768907122.8374436,4.086409605132672,0.43593152284201864,4.109596057221186
1768907122.85747,4.087282058869843,0.4395197361321328,4.110845682728672
1768907122.878375,4.099163413899739,0.44039351763750023,4.122752374837869
1768907122.8974636,4.106473136593507,0.44927325942264495,4.130976650042501
1768907122.9176834,4.115480258228344,0.4550152209122258,4.140557523707289
1768907122.9374673,4.123478544532002,0.46669766660915624,4.1498050579797345
1768907122.957764,4.1340554450523745,0.4730119073142811,4.161028080562336
1768907122.9774797,4.13989677854775,0.48301367732023426,4.167978832660796
1768907122.997455,4.155153049002157,0.49079632567976006,4.184038467071338
1768907123.0174189,4.165158982337329,0.49978060006688807,4.195036352208232
1768907123.0374448,4.170669331792012,0.5049777462914058,4.201129038651393
1768907123.0575922,4.171407683605782,0.511891334204682,4.202698514154829
1768907123.0774965,4.176859940193135,0.5171230600790198,4.2087498404224135
1768907123.0974762,4.176126743396283,0.5262624427253595,4.209155109464714
1768907123.1174498,4.175298712627422,0.5295668827593536,4.208748082623106
1768907123.1374807,4.180542028657163,0.5349120096058222,4.214624836375058
1768907123.1575053,4.181325835838215,0.5373739685095211,4.215715422971505
1768907123.1780126,4.188054816764786,0.5432169822998443,4.223137203322392
1768907123.1975904,4.195332604169369,0.5439897924004526,4.2304539418178795
1768907123.2178867,4.205198456538144,0.5506707255054133,4.241100365093881
1768907123.2374833,4.21199879944511,0.5563720345876924,4.248586085675833
1768907123.2575767,4.218170364276348,0.56252593426085,4.25551367625288
1768907123.2777326,4.222005125296984,0.5749539157534809,4.260973982937969
1768907123.2979434,4.234297997791677,0.5826766952486011,4.27420070484394
1768907123.317424,4.240166121516788,0.589489215959401,4.280946889858732
1768907123.3374183,4.241471432414282,0.5989076458589304,4.283546460615869
1768907123.3574052,4.245637474046298,0.6043360578893635,4.288433237429666
1768907123.3773785,4.247974774875181,0.6086886383201202,4.291362434751445
1768907123.397592,4.248962103417342,0.613177592794484,4.292978653171008
1768907123.417398,4.2487077621441145,0.6169994654557343,4.293274506536509
1768907123.4374917,4.245318920165436,0.6200412451067843,4.2903594114652215
1768907123.4575362,4.251797308030734,0.6204096847275506,4.296823073560411
1768907123.477687,4.249891363312196,0.6238132613945959,4.2954300814990996
1768907123.4973948,4.2643765947273,0.6241992184246641,4.309818140703847
1768907123.517547,4.266764188876694,0.628907372982006,4.312864608038574
1768907123.5374057,4.272916528582683,0.6346818410060333,4.319795909477425
1768907123.557549,4.277798078512311,0.6403151490256676,4.325454876726306
1768907123.577388,4.276852306587227,0.6436067947388997,4.3250081339339195
1768907123.5975144,4.2853475069709255,0.6505605427880017,4.334447170670621
1768907123.6175065,4.291038342539679,0.6565669506178518,4.340978025490258
1768907123.6379983,4.284903002187028,0.6571887468811841,4.33500758790324
1768907123.657771,4.288177584538501,0.6634589917120746,4.339198639175447
1768907123.6775787,4.277113101484866,0.667621865063956,4.3289046463978575
1768907123.6974723,4.277821424849296,0.6720457935372259,4.330288869291602
1768907123.717489,4.282641507704369,0.6742099432651312,4.335386641478465
1768907123.7376354,4.28199898223004,0.6781189440538364,4.335361644211909
1768907123.757427,4.283948331612498,0.6769979132552821,4.337111882633132
1768907123.777692,4.283182933663753,0.6808204411627399,4.336954290320969
1768907123.7974036,4.284541902323082,0.6815064417921928,4.338404123979986
1768907123.817805,4.281339755655497,0.6843090038671509,4.3356832121512205
1768907123.8374412,4.288441938597256,0.685084074720212,4.342818721769888
1768907123.8581438,4.291821615873682,0.6905698055778711,4.347024205000064
1768907123.877491,4.2897307247840715,0.6901213734412623,4.344888629324914
1768907123.8974617,4.292706455583447,0.6953796033578392,4.3486643359282064
1768907123.9174237,4.288624054573725,0.6948981946986459,4.344557489832976
1768907123.9375339,4.29303292356197,0.7009428050569486,4.349879595890918
1768907123.9575493,4.286696338819306,0.6976052771401067,4.3430886042009975
1768907123.9776623,4.287436702923579,0.7021003151124967,4.344543512736094
1768907123.9974563,4.288207299903749,0.7065566713429972,4.346026251274502
1768907124.017486,4.273365124246696,0.6962088182030719,4.329706249120337
1768907124.0376568,4.270488963301196,0.6944853707788567,4.3265905648562555
1768907124.0573366,4.268680253424153,0.6963634775161882,4.32510730488756
1768907124.0774243,4.265098744372336,0.6986423207572656,4.321940350305587
1768907124.097399,4.265058805445367,0.7027272339319426,4.322563149245676
1768907124.117551,4.267012754897148,0.6952357131108844,4.323280068101042
1768907124.13752,4.268518453067285,0.7000160651439025,4.325537223933633
1768907124.1574647,4.2702602466040345,0.6968101673685254,4.326738608129095
1768907124.1773984,4.261928494245199,0.6933043613361871,4.317951531398532
1768907124.1976268,4.263281138714797,0.6982153740920829,4.32007763545285
1768907124.217373,4.258385789888909,0.6891178365150328,4.313784061370127
1768907124.2375426,4.258317936170923,0.6933024652665205,4.314387552580276
1768907124.2575955,4.258026244782004,0.6974903378521597,4.314774649115462
1768907124.277385,4.2555898240584344,0.7003231274424078,4.312829376808271
1768907124.2973976,4.253011169814132,0.703158883037899,4.310746620407987
1768907124.3173857,4.250323725120049,0.7059973142267397,4.308559385225385
1768907124.337396,4.24629411092998,0.7079309316996243,4.304901843314865
1768907124.3574176,4.242225247031219,0.7098658191008216,4.301207333723494
1768907124.3778002,4.237458021192416,0.7113486731116669,4.296750797533606
1768907124.3974943,4.236273765341299,0.7155608643699356,4.296282435494296
1768907124.4175348,4.232592932210839,0.7179581268351551,4.293053319222787
1768907124.437498,4.231001305551807,0.7221860512722831,4.292193464912008
1768907124.4576364,4.228630844883472,0.7258457297555472,4.2904744313076
1768907124.477482,4.226160516766986,0.7284830916034402,4.28848695092247
1768907124.49767,4.223417281233207,0.7297192768562297,4.285993905086062
1768907124.517518,4.220585080934738,0.7295483593185059,4.2831739672809475
1768907124.5376663,4.216654505186585,0.7285261037493855,4.279126721651812
1768907124.5574713,4.213903759872014,0.7254407073429823,4.275891616649536
1768907124.5774841,4.2097358223209165,0.7224265834280974,4.2712733303050925
1768907124.5982168,4.2056155192352405,0.7178820150802379,4.266445415472694
1768907124.617656,4.201781020516588,0.7122357018537357,4.261718366969889
1768907124.6374326,4.198268778733056,0.703331971176322,4.256775375817183
1768907124.6573858,4.1953909492480275,0.6885789848196291,4.251522813694818
1768907124.677467,4.1902492671819696,0.6815375424691279,4.245312985271391
1768907124.697586,4.185759052181999,0.6690142339543241,4.238886515130718
1768907124.717483,4.181400042608233,0.6531547315568691,4.232105553938756
1768907124.7375424,4.176135328279615,0.6415846977782698,4.225131619787522
1768907124.7574372,4.171720495049945,0.6181024721140149,4.21726244794573
1768907124.7777588,4.166240359026344,0.6017333849340565,4.209470488757957
1768907124.7975445,4.1610539371119,0.5789567876923831,4.20113803981368
1768907124.817368,4.155384625201137,0.5599441190819068,4.192941545007801
1768907124.837373,4.149448874192709,0.5427377334480017,4.184792731647222
1768907124.8575714,4.143381683379534,0.524671866863434,4.176468884361881
1768907124.8775094,4.1371788602359985,0.5127076609693306,4.168826941382945
1768907124.897526,4.131101374486586,0.4773608546964976,4.158590139925012
1768907124.917689,4.1246283683267615,0.4508144675150758,4.1491918322640595
1768907124.937342,4.118116211739467,0.42634764963159455,4.140127226515848
1768907124.9576054,4.111344869834874,0.41123175672910595,4.131860137572429
1768907124.9774868,4.104328839464934,0.3902216811641708,4.122837394673014
1768907124.997633,4.097384848812279,0.3794945156353764,4.114921467862266
1768907125.0174594,4.090001156999994,0.36168688643180946,4.1059623559012355
1768907125.0378125,4.08240605215725,0.3475895745656672,4.097176794701063
1768907125.0574367,4.074268148249371,0.33077753900505513,4.087673509974787
1768907125.077538,4.067204231713148,0.3268026591356863,4.080312517501998
1768907125.0973947,4.059369772727793,0.31823437417236544,4.071824660841989
1768907125.1176896,4.051559094563113,0.31186740580705496,4.063544311994382
1768907125.1375582,4.044113338290278,0.30815132732836226,4.055836526965993
1768907125.1580503,4.035227341729315,0.3010624291980353,4.046442670508808
1768907125.1774697,4.026687555457606,0.2964031928052355,4.037581890436687
1768907125.1973894,4.016854744000543,0.29243422187308976,4.027485544172963
1768907125.2174816,4.006934882827728,0.2912915895238921,4.017508922871113
1768907125.237467,4.000067954578556,0.29141110810677073,4.010668781534358
1768907125.2574892,3.991345596581729,0.2925059137397863,4.002049397611817
1768907125.2776065,3.9813075667317124,0.29439448713313343,3.992177107164657
1768907125.2975717,3.9701410332577183,0.29973010260710176,3.9814391817991552
1768907125.3174348,3.959557726475314,0.3055739742351191,3.9713313690776553
1768907125.3377516,3.9481006808036776,0.31226493919325726,3.960430327377548
1768907125.357494,3.939110381789436,0.3156220799947578,3.9517347959221065
1768907125.3775854,3.9288541946611977,0.32025858339219493,3.941885442671218
1768907125.397472,3.9190039315905043,0.324267014585625,3.932396332081763
1768907125.417539,3.9090496347500263,0.3283084864920136,3.9228121939804854
1768907125.4378986,3.899452833434066,0.33172644168756715,3.913537380975383
1768907125.4575255,3.89126060052443,0.333832621677546,3.9055541579255886
1768907125.4779265,3.8821434225569673,0.33663875149820033,3.896711844916505
1768907125.4975917,3.8699922317225077,0.34278656390127793,3.8851438199870802
1768907125.5174632,3.8581771399963616,0.34833843153912714,3.873870223236401
1768907125.5374882,3.8440099585110685,0.35601284625699225,3.860460815476861
1768907125.557662,3.831669177571329,0.3616878570572224,3.848701961998719
1768907125.5777795,3.817497487477394,0.3688242176698635,3.835272919941422
1768907125.597406,3.8015921799724834,0.3774611336679117,3.8202853310005267
1768907125.6175237,3.7917657492851538,0.3804446490323157,3.810803803455293
1768907125.6376646,3.7785131930909834,0.38632747499620823,3.7982115354860855
1768907125.6575162,3.770320453362171,0.38789376993294855,3.79022135208406
1768907125.677332,3.7560076688030577,0.3945635050472571,3.7766749883492166
1768907125.6975257,3.7476746943225923,0.3961466649800496,3.7685538067859334
1768907125.7174904,3.7348419389183185,0.4014099976501022,3.756351194299676
1768907125.7375803,3.7218213408287424,0.40671227506496166,3.7439776932744637
1768907125.7575727,3.706788955910606,0.4135296415844856,3.729784327294252
1768907125.7776687,3.695383867361989,0.4173960328407613,3.7188817372148923
1768907125.7974777,3.6780040677512815,0.4258113943222277,3.702570629431613
1768907125.8175414,3.6653689375827607,0.4304880985854842,3.6905622134873055
1768907125.8374457,3.6474078540330694,0.4390148039370878,3.6737335303119143
1768907125.8577585,3.6386585587835976,0.44067114111822736,3.6652458528758434
1768907125.8775153,3.619264523835505,0.4500542951101396,3.647139229867888
1768907125.8975024,3.611638676648596,0.45094887723672183,3.6396825164490765
1768907125.9174185,3.591728729187593,0.46041615576955497,3.621118377043912
1768907125.9374602,3.581799435339563,0.46288365177096225,3.611585312584438
1768907125.9575357,3.5613773340795003,0.472442323153234,3.59257710625696
1768907125.977607,3.550091587880911,0.4757241659209255,3.5818240833943773
1768907125.9974003,3.5292689573369254,0.4853728706649951,3.5624887644453906
1768907126.0177422,3.5177806986199647,0.48868522381465596,3.5515622325334446
1768907126.0375183,3.5002267914465417,0.49601030150347203,3.535196431707539
1768907126.0574057,3.483707319889345,0.5025646177170318,3.5197709990327026
1768907126.0777876,3.4643463558722907,0.5107677795376411,3.5017965957575883
1768907126.0974467,3.448842821721647,0.5165672482409418,3.487313942118798
1768907126.1177006,3.437049358997813,0.5199425751703117,3.47615427989927
1768907126.1375191,3.4226504348177693,0.5249561821249786,3.462674543197714
1768907126.157529,3.404134867806361,0.5324439215354566,3.4455232879484483
1768907126.177625,3.3935508396151777,0.5350264126856858,3.4354680268231563
1768907126.197668,3.3788833775719036,0.5400820568398306,3.421774613757028
1768907126.21744,3.360076752135397,0.5476298112415847,3.4044109902303585
1768907126.2375374,3.3438524398478044,0.5535478327382011,3.389360462182397
1768907126.2575488,3.3303323609426245,0.5578200097125761,3.3767257510164215
1768907126.2776437,3.3139324165039854,0.5637687149940227,3.361544767686719
1768907126.297518,3.3003301980484787,0.5680619952087236,3.348861574707325
1768907126.317679,3.2794584326191947,0.5765576927291587,3.329754703326105
1768907126.3375335,3.2657538169108493,0.5808773879116789,3.3170116871146047
1768907126.3575919,3.2446653980187987,0.5894261293320557,3.2977684435144714
1768907126.377522,3.227833715165004,0.5954674269777795,3.282299795775433
1768907126.3976083,3.207961023902591,0.6032262049012207,3.2641837854443323
1768907126.4174817,3.188004177168949,0.6110132753408761,3.24602955259028
1768907126.4380622,3.1739366945785648,0.6154053995604514,3.233047779882083
1768907126.457404,3.1598827496025406,0.6198056662854103,3.2200959698734466
1768907126.477418,3.141186293902531,0.626794542375432,3.2031114141335677
1768907126.4974985,3.1208545239087266,0.6346700632055384,3.184735318441846
1768907126.5179834,3.1018438160043544,0.6417106476971526,3.1675270502795008
1768907126.537705,3.081453700143874,0.6496392312015642,3.1491884727412764
1768907126.5574262,3.062500663767471,0.6567254722995841,3.1321236663872822
1768907126.5776153,3.035512478377659,0.6682195108688616,3.108191326333097
1768907126.5975964,3.019485098424072,0.6736101398347305,3.093709889452014
1768907126.6174474,2.998676078679467,0.6816619794880276,3.0751782516016855
1768907126.6374605,2.9857340746706074,0.6853109360654432,3.0633738008509575
1768907126.657606,2.9680177146088793,0.6916392772047182,3.047539014353119
1768907126.677567,2.9550148975586055,0.6953125154125939,3.035716149260778
1768907126.6975555,2.93723543245705,0.7016648371248921,3.0198817078386786
1768907126.717462,2.9242798139030954,0.7053542789578078,3.0081451242992268
1768907126.737393,2.9112787685872954,0.7090508927615993,2.99638068959089
1768907126.757613,2.8949639227237727,0.7145497826920311,2.981844648169559
1768907126.7774508,2.8770835309140006,0.7209626034521088,2.9660405795324203
1768907126.7977817,2.859055581577959,0.7273981839866197,2.9501367657481765
1768907126.8176374,2.8411285470998022,0.7338521524464809,2.934373937110907
1768907126.8374512,2.8214901916807733,0.7412376655548707,2.9172315949523173
1768907126.8575587,2.8001270745821802,0.7495655159637167,2.8987169742025714
1768907126.877565,2.7820315941095073,0.7560938969372444,2.882946023013479
1768907126.8977594,2.763855582988678,0.7626452540345712,2.8671458747540455
1768907126.917574,2.7440779512956572,0.770141071681123,2.850101940821963
1768907126.9377182,2.7225477450876268,0.77859527516003,2.831691513350853
1768907126.9575052,2.696005527041131,0.7898861146372385,2.809335486540018
1768907126.9775329,2.672688580308199,0.7993687891663646,2.7896692829801806
1768907126.9975913,2.6543671621348013,0.8060728530205434,2.774061728908756
1768907127.0175014,2.6428106908296547,0.8090190658767247,2.7638668919677674
1768907127.0374262,2.6228042319123848,0.8167033045303782,2.7470177150081057
1768907127.0578506,2.6060000947029502,0.8225198397950964,2.732723070574173
1768907127.0774376,2.586056320051548,0.8302579824105392,2.7160662009301197
1768907127.0975585,2.569330933990897,0.8361146313155992,2.7019528354622615
1768907127.1174343,2.5424204878177896,0.8477624711296192,2.6800378997938528
1768907127.1375427,2.5256310508902082,0.8536739390013643,2.666002888098751
1768907127.1574295,2.500355635630145,0.8644572358886613,2.6455745344457204
1768907127.1779785,2.4799559753550993,0.8723733804425953,2.628919351103092
1768907127.1975944,2.458153623697352,0.8812950474920749,2.6113598370256215
1768907127.2174652,2.4395905417280366,0.8882902275958147,2.596278401815013
1768907127.237463,2.420994115487477,0.895309288264019,2.581238313073168
1768907127.2574263,2.404091687114721,0.9013614636386222,2.5675103365297023
1768907127.2773883,2.3872095886258977,0.907429902578861,2.5538595592008795
1768907127.2975051,2.3754682455610734,0.9105304187321002,2.543995878358583
1768907127.3174582,2.363739968084139,0.9136347580364657,2.5341655644039434
1768907127.3373902,2.348549700540059,0.9187382040573997,2.521857566061457
1768907127.3574402,2.331584795727278,0.9248539051393125,2.508314654408025
1768907127.377503,2.3128750393061406,0.9319889851229002,2.4935906672579193
1768907127.3975637,2.2888984686432634,0.9421680814841951,2.4752246147622814
1768907127.4175882,2.2666143911826966,0.9513776118276942,2.458182287505032
1768907127.4377663,2.2424794720233336,0.9616420044129814,2.4399732636029983
1768907127.4574578,2.2254931474066666,0.9678573237298149,2.426843123947543
1768907127.4775076,2.197780066647148,0.9802242103856216,2.406465608309759
1768907127.4976785,2.180623121787253,0.986492092791921,2.393383347567658
1768907127.5174408,2.1563977823945537,0.9968741940018662,2.3756703379431707
1768907127.5374377,2.1392087402786197,1.003170467457302,2.3627452298677785
1768907127.557436,2.1201860240986266,1.0105115855750482,2.3486852580464115
1768907127.577887,2.106375313855719,1.0147710013013818,2.3380712452581482
1768907127.5973682,2.0910220286856855,1.0200572702103496,2.326561832180222
1768907127.6175494,2.0755002974930843,1.0253578259494356,2.3149643962984903
1768907127.6375601,2.0635893904978957,1.0285886872467636,2.3057310901550285
1768907127.6579802,2.0479181297917712,1.033902355283491,2.2941060887828564
1768907127.6774354,2.028913681765113,1.0412980738603625,2.28052459023773
1768907127.6978853,2.009603328564367,1.0487102388263203,2.266781573772855
1768907127.7174869,1.9886533436559937,1.0571729723160939,2.252189338095225
1768907127.7374382,1.9657234788121194,1.0666956117421602,2.236494650846096
1768907127.757487,1.9427295050851363,1.076231915821098,2.220917167874635
1768907127.7777803,1.9177248837424763,1.0868298208500065,2.2042839629262723
1768907127.7974262,1.8909505286086405,1.098485216526094,2.186861603433486
1768907127.817415,1.8732855434727664,1.1049020650068595,2.1748579955115415
1768907127.8375454,1.8537039075462998,1.1123718646755254,2.1618485937211527
1768907127.8573847,1.8397124887136984,1.1166941477329262,2.152103125017506
1768907127.8774316,1.8200613696764378,1.1241649420961126,2.139245242235314
1768907127.8977177,1.8021570053376488,1.1305894431318686,2.1274403307281715
1768907127.9178116,1.7861768852116917,1.1359619164689727,2.116798842812515
1768907127.9376338,1.7664197597389881,1.1434340868963737,2.1042053793945326
1768907127.9578753,1.74267903962435,1.1530066754608947,2.089582405363194
1768907127.9774604,1.7286533077024018,1.157322475952859,2.080297471895813
1768907127.997414,1.701014356792352,1.168983552369248,2.0639700549483573
1768907128.0175133,1.6828923757471301,1.1753936145198853,2.0527242623893596
1768907128.037737,1.658835502032452,1.1849422093518376,2.0385836412339993
1768907128.0575302,1.6367852685950073,1.1934311073322643,2.0256712031911657
1768907128.0777175,1.6243448442100998,1.196687556636694,2.0175622124536914
1768907128.097475,1.5942575328026392,1.2093365993910723,2.0010377536480215
1768907128.1176674,1.5777784996870627,1.2146687639111873,1.9911818601263649
1768907128.1374705,1.5474248562759723,1.2272719091572615,1.9750240567717707
1768907128.1574326,1.5328878312379501,1.2315446559480563,1.9663283913811553
1768907128.1774619,1.5001920038560685,1.2451330374365943,1.9495979917279782
1768907128.1975732,1.4794372191023015,1.2524850544553283,1.9384151508124152
1768907128.2174199,1.4566336292749877,1.2608503169449827,1.9265318714402537
1768907128.2374218,1.4378082613346006,1.2671407239882821,1.9164911194032637
1768907128.2574978,1.4168567118333408,1.274444231551807,1.9056996198779237
1768907128.2778106,1.395726855315944,1.281732171362,1.8949645943274196
1768907128.2974377,1.3809994656532876,1.2859363617268116,1.8870060547189178
1768907128.317857,1.3576518891882365,1.294213871451988,1.8756887261150585
1768907128.3374307,1.3407439558313063,1.2994158796745632,1.8671036348978056
1768907128.3575182,1.323670680122751,1.3046100871154893,1.8585240242784353
1768907128.3774002,1.3002222780283388,1.3128272368115832,1.8477265290068061
1768907128.3974164,1.2723832063305203,1.323030770714679,1.83558422416674
1768907128.4174492,1.2486869720891924,1.3311858574284026,1.825178057418691
1768907128.4374516,1.2335317613516725,1.3353121910030792,1.8178721774934572
1768907128.4574144,1.205327148571559,1.3454173225535229,1.8063668804843427
1768907128.4774442,1.1857001824963724,1.3515056864043107,1.7979022618471554
1768907128.4980428,1.1571803615358789,1.3615356573610757,1.7868535853253238
1768907128.5174983,1.1352423638392066,1.3685617404637114,1.7781272345128434
1768907128.5379162,1.1018848221531456,1.3804691639614104,1.766308374531408
1768907128.5579474,1.081888137940365,1.3864547368718592,1.7586184010212353
1768907128.577566,1.0596866791490607,1.3933930295155674,1.7505656207833329
1768907128.5974898,1.0373325567314797,1.4003077635663557,1.7426762940831202
1768907128.6175506,1.021696755386774,1.404299323448332,1.7366406795319822
1768907128.637488,0.9991696412624984,1.411175608772563,1.7290912557801117
1768907128.6576705,0.9764962011023339,1.4180280063500295,1.721728276343375
1768907128.6780272,0.9538271878345004,1.4248537235285452,1.7146411979494227
1768907128.697443,0.9287578049305658,1.4326066480518698,1.707323305136393
1768907128.7173748,0.8964920025724066,1.4431698326963032,1.698951758197083
1768907128.7374902,0.8852499222014627,1.4451812926700907,1.6947614562059434
1768907128.7574337,0.8455734836064916,1.4584897228539058,1.6858786397154693
1768907128.777692,0.8318577131812415,1.4614227342117196,1.681589623852973
1768907128.7973807,0.7918040192287705,1.4746092834343765,1.6737461407446712
1768907128.81756,0.7707685675570808,1.4802987219809225,1.6689423270539778
1768907128.8374033,0.7447949842459138,1.4878166638847494,1.6638263112149105
1768907128.8574314,0.7236212190914797,1.4934634382379777,1.6595362936896079
1768907128.8774133,0.7023521807509461,1.4990927519020962,1.6554690165058992
1768907128.897727,0.6933335366452784,1.5001288612614667,1.6526033987096465
1768907128.9174001,0.6745044823121376,1.5048228721610597,1.6490749447002782
1768907128.9374785,0.6630273650474887,1.5067686845144372,1.64619475015418
1768907128.9574428,0.6391303800631327,1.513265943540377,1.6426994425636092
1768907128.9780617,0.6274907870498474,1.515205269873288,1.6399974688042116
1768907128.997413,0.5910582221825722,1.5261887645280696,1.6366435063816855
1768907129.0175102,0.58200009227021,1.527210424234168,1.6343487349069783
1768907129.0373526,0.547709481816498,1.5372239926862576,1.631883353724149
1768907129.0578887,0.5284052274146669,1.5418230918333276,1.6298559847022152
1768907129.077442,0.48612636066976833,1.5544203713904015,1.6286624971219503
1768907129.0973785,0.4563954732773299,1.5625153473973015,1.6278055900137915
1768907129.1173494,0.42128988219321695,1.5723357078557703,1.627797512910215
1768907129.1374788,0.3964416921778602,1.5786025004486435,1.627621537618483
1768907129.1574676,0.36887778632665036,1.5857234665564839,1.6280631847791294
1768907129.177544,0.3544252872017353,1.58846191252918,1.627522206227581
1768907129.19753,0.33465838464782216,1.592939077317455,1.627713469398123
1768907129.2174902,0.3148555448412411,1.5974068692056829,1.628140878395594
